Alumno,gender,Genero_letra,race/ethnicity,parental level of education,lunch,test preparation course,math score,Apr_math,reading score,Apr_read,writing score,Apr_writ,Ningunexam,A_unexam,A_dosexam,A_tresexam,Promedio Final,Aprobados Final
140001,female,F,group B,bachelor's degree,standard,none,72,2,72,2,74,2,0,0,0,1,72.66666667,2
140002,female,F,group C,some college,standard,completed,69,1,90,2,88,2,0,0,1,0,82.33333333,2
140003,female,F,group B,master's degree,standard,none,90,2,95,2,93,2,0,0,0,1,92.66666667,2
140004,male,M,group A,associate's degree,free/reduced,none,47,1,57,1,44,1,1,0,0,0,49.33333333,1
140005,male,M,group C,some college,standard,none,76,2,78,2,75,2,0,0,0,1,76.33333333,2
140006,female,F,group B,associate's degree,standard,none,71,2,83,2,78,2,0,0,0,1,77.33333333,2
140007,female,F,group B,some college,standard,completed,88,2,95,2,92,2,0,0,0,1,91.66666667,2
140008,male,M,group B,some college,free/reduced,none,40,1,43,1,39,1,1,0,0,0,40.66666667,1
140009,male,M,group D,high school,free/reduced,completed,64,1,64,1,67,1,1,0,0,0,65,1
140010,female,F,group B,high school,free/reduced,none,38,1,60,1,50,1,1,0,0,0,49.33333333,1
140011,male,M,group C,associate's degree,standard,none,58,1,54,1,52,1,1,0,0,0,54.66666667,1
140012,male,M,group D,associate's degree,standard,none,40,1,52,1,43,1,1,0,0,0,45,1
140013,female,F,group B,high school,standard,none,65,1,81,2,73,2,0,0,1,0,73,2
140014,male,M,group A,some college,standard,completed,78,2,72,2,70,2,0,0,0,1,73.33333333,2
140015,female,F,group A,master's degree,standard,none,50,1,53,1,58,1,1,0,0,0,53.66666667,1
140016,female,F,group C,some high school,standard,none,69,1,75,2,78,2,0,0,1,0,74,2
140017,male,M,group C,high school,standard,none,88,2,89,2,86,2,0,0,0,1,87.66666667,2
140018,female,F,group B,some high school,free/reduced,none,18,1,32,1,28,1,1,0,0,0,26,1
140019,male,M,group C,master's degree,free/reduced,completed,46,1,42,1,46,1,1,0,0,0,44.66666667,1
140020,female,F,group C,associate's degree,free/reduced,none,54,1,58,1,61,1,1,0,0,0,57.66666667,1
140021,male,M,group D,high school,standard,none,66,1,69,1,63,1,1,0,0,0,66,1
140022,female,F,group B,some college,free/reduced,completed,65,1,75,2,70,2,0,0,1,0,70,2
140023,male,M,group D,some college,standard,none,44,1,54,1,53,1,1,0,0,0,50.33333333,1
140024,female,F,group C,some high school,standard,none,69,1,73,2,73,2,0,0,1,0,71.66666667,2
140025,male,M,group D,bachelor's degree,free/reduced,completed,74,2,71,2,80,2,0,0,0,1,75,2
140026,male,M,group A,master's degree,free/reduced,none,73,2,74,2,72,2,0,0,0,1,73,2
140027,male,M,group B,some college,standard,none,69,1,54,1,55,1,1,0,0,0,59.33333333,1
140028,female,F,group C,bachelor's degree,standard,none,67,1,69,1,75,2,0,1,0,0,70.33333333,2
140029,male,M,group C,high school,standard,none,70,2,70,2,65,1,0,0,1,0,68.33333333,1
140030,female,F,group D,master's degree,standard,none,62,1,70,2,75,2,0,0,1,0,69,1
140031,female,F,group D,some college,standard,none,69,1,74,2,74,2,0,0,1,0,72.33333333,2
140032,female,F,group B,some college,standard,none,63,1,65,1,61,1,1,0,0,0,63,1
140033,female,F,group E,master's degree,free/reduced,none,56,1,72,2,65,1,0,1,0,0,64.33333333,1
140034,male,M,group D,some college,standard,none,40,1,42,1,38,1,1,0,0,0,40,1
140035,male,M,group E,some college,standard,none,97,2,87,2,82,2,0,0,0,1,88.66666667,2
140036,male,M,group E,associate's degree,standard,completed,81,2,81,2,79,2,0,0,0,1,80.33333333,2
140037,female,F,group D,associate's degree,standard,none,74,2,81,2,83,2,0,0,0,1,79.33333333,2
140038,female,F,group D,some high school,free/reduced,none,50,1,64,1,59,1,1,0,0,0,57.66666667,1
140039,female,F,group D,associate's degree,free/reduced,completed,75,2,90,2,88,2,0,0,0,1,84.33333333,2
140040,male,M,group B,associate's degree,free/reduced,none,57,1,56,1,57,1,1,0,0,0,56.66666667,1
140041,male,M,group C,associate's degree,free/reduced,none,55,1,61,1,54,1,1,0,0,0,56.66666667,1
140042,female,F,group C,associate's degree,standard,none,58,1,73,2,68,1,0,1,0,0,66.33333333,1
140043,female,F,group B,associate's degree,standard,none,53,1,58,1,65,1,1,0,0,0,58.66666667,1
140044,male,M,group B,some college,free/reduced,completed,59,1,65,1,66,1,1,0,0,0,63.33333333,1
140045,female,F,group E,associate's degree,free/reduced,none,50,1,56,1,54,1,1,0,0,0,53.33333333,1
140046,male,M,group B,associate's degree,standard,none,65,1,54,1,57,1,1,0,0,0,58.66666667,1
140047,female,F,group A,associate's degree,standard,completed,55,1,65,1,62,1,1,0,0,0,60.66666667,1
140048,female,F,group C,high school,standard,none,66,1,71,2,76,2,0,0,1,0,71,2
140049,female,F,group D,associate's degree,free/reduced,completed,57,1,74,2,76,2,0,0,1,0,69,1
140050,male,M,group C,high school,standard,completed,82,2,84,2,82,2,0,0,0,1,82.66666667,2
140051,male,M,group E,some college,standard,none,53,1,55,1,48,1,1,0,0,0,52,1
140052,male,M,group E,associate's degree,free/reduced,completed,77,2,69,1,68,1,0,1,0,0,71.33333333,2
140053,male,M,group C,some college,standard,none,53,1,44,1,42,1,1,0,0,0,46.33333333,1
140054,male,M,group D,high school,standard,none,88,2,78,2,75,2,0,0,0,1,80.33333333,2
140055,female,F,group C,some high school,free/reduced,completed,71,2,84,2,87,2,0,0,0,1,80.66666667,2
140056,female,F,group C,high school,free/reduced,none,33,1,41,1,43,1,1,0,0,0,39,1
140057,female,F,group E,associate's degree,standard,completed,82,2,85,2,86,2,0,0,0,1,84.33333333,2
140058,male,M,group D,associate's degree,standard,none,52,1,55,1,49,1,1,0,0,0,52,1
140059,male,M,group D,some college,standard,completed,58,1,59,1,58,1,1,0,0,0,58.33333333,1
140060,female,F,group C,some high school,free/reduced,none,0,1,17,1,10,1,1,0,0,0,9,1
140061,male,M,group E,bachelor's degree,free/reduced,completed,79,2,74,2,72,2,0,0,0,1,75,2
140062,male,M,group A,some high school,free/reduced,none,39,1,39,1,34,1,1,0,0,0,37.33333333,1
140063,male,M,group A,associate's degree,free/reduced,none,62,1,61,1,55,1,1,0,0,0,59.33333333,1
140064,female,F,group C,associate's degree,standard,none,69,1,80,2,71,2,0,0,1,0,73.33333333,2
140065,female,F,group D,some high school,standard,none,59,1,58,1,59,1,1,0,0,0,58.66666667,1
140066,male,M,group B,some high school,standard,none,67,1,64,1,61,1,1,0,0,0,64,1
140067,male,M,group D,some high school,free/reduced,none,45,1,37,1,37,1,1,0,0,0,39.66666667,1
140068,female,F,group C,some college,standard,none,60,1,72,2,74,2,0,0,1,0,68.66666667,1
140069,male,M,group B,associate's degree,free/reduced,none,61,1,58,1,56,1,1,0,0,0,58.33333333,1
140070,female,F,group C,associate's degree,standard,none,39,1,64,1,57,1,1,0,0,0,53.33333333,1
140071,female,F,group D,some college,free/reduced,completed,58,1,63,1,73,2,0,1,0,0,64.66666667,1
140072,male,M,group D,some college,standard,completed,63,1,55,1,63,1,1,0,0,0,60.33333333,1
140073,female,F,group A,associate's degree,free/reduced,none,41,1,51,1,48,1,1,0,0,0,46.66666667,1
140074,male,M,group C,some high school,free/reduced,none,61,1,57,1,56,1,1,0,0,0,58,1
140075,male,M,group C,some high school,standard,none,49,1,49,1,41,1,1,0,0,0,46.33333333,1
140076,male,M,group B,associate's degree,free/reduced,none,44,1,41,1,38,1,1,0,0,0,41,1
140077,male,M,group E,some high school,standard,none,30,1,26,1,22,1,1,0,0,0,26,1
140078,male,M,group A,bachelor's degree,standard,completed,80,2,78,2,81,2,0,0,0,1,79.66666667,2
140079,female,F,group D,some high school,standard,completed,61,1,74,2,72,2,0,0,1,0,69,1
140080,female,F,group E,master's degree,standard,none,62,1,68,1,68,1,1,0,0,0,66,1
140081,female,F,group B,associate's degree,standard,none,47,1,49,1,50,1,1,0,0,0,48.66666667,1
140082,male,M,group B,high school,free/reduced,none,49,1,45,1,45,1,1,0,0,0,46.33333333,1
140083,male,M,group A,some college,free/reduced,completed,50,1,47,1,54,1,1,0,0,0,50.33333333,1
140084,male,M,group E,associate's degree,standard,none,72,2,64,1,63,1,0,1,0,0,66.33333333,1
140085,male,M,group D,high school,free/reduced,none,42,1,39,1,34,1,1,0,0,0,38.33333333,1
140086,female,F,group C,some college,standard,none,73,2,80,2,82,2,0,0,0,1,78.33333333,2
140087,female,F,group C,some college,free/reduced,none,76,2,83,2,88,2,0,0,0,1,82.33333333,2
140088,female,F,group D,associate's degree,standard,none,71,2,71,2,74,2,0,0,0,1,72,2
140089,female,F,group A,some college,standard,none,58,1,70,2,67,1,0,1,0,0,65,1
140090,female,F,group D,some high school,standard,none,73,2,86,2,82,2,0,0,0,1,80.33333333,2
140091,female,F,group C,bachelor's degree,standard,none,65,1,72,2,74,2,0,0,1,0,70.33333333,2
140092,male,M,group C,high school,free/reduced,none,27,1,34,1,36,1,1,0,0,0,32.33333333,1
140093,male,M,group C,high school,standard,none,71,2,79,2,71,2,0,0,0,1,73.66666667,2
140094,male,M,group C,associate's degree,free/reduced,completed,43,1,45,1,50,1,1,0,0,0,46,1
140095,female,F,group B,some college,standard,none,79,2,86,2,92,2,0,0,0,1,85.66666667,2
140096,male,M,group C,associate's degree,free/reduced,completed,78,2,81,2,82,2,0,0,0,1,80.33333333,2
140097,male,M,group B,some high school,standard,completed,65,1,66,1,62,1,1,0,0,0,64.33333333,1
140098,female,F,group E,some college,standard,completed,63,1,72,2,70,2,0,0,1,0,68.33333333,1
140099,female,F,group D,some college,free/reduced,none,58,1,67,1,62,1,1,0,0,0,62.33333333,1
140100,female,F,group D,bachelor's degree,standard,none,65,1,67,1,62,1,1,0,0,0,64.66666667,1
140101,male,M,group B,some college,standard,none,79,2,67,1,67,1,0,1,0,0,71,2
140102,male,M,group D,bachelor's degree,standard,completed,68,1,74,2,74,2,0,0,1,0,72,2
140103,female,F,group D,associate's degree,standard,none,85,2,91,2,89,2,0,0,0,1,88.33333333,2
140104,male,M,group B,high school,standard,completed,60,1,44,1,47,1,1,0,0,0,50.33333333,1
140105,male,M,group C,some college,standard,completed,98,2,86,2,90,2,0,0,0,1,91.33333333,2
140106,female,F,group C,some college,standard,none,58,1,67,1,72,2,0,1,0,0,65.66666667,1
140107,female,F,group D,master's degree,standard,none,87,2,100,2,100,2,0,0,0,1,95.66666667,2
140108,male,M,group E,associate's degree,standard,completed,66,1,63,1,64,1,1,0,0,0,64.33333333,1
140109,female,F,group B,associate's degree,free/reduced,none,52,1,76,2,70,2,0,0,1,0,66,1
140110,female,F,group B,some high school,standard,none,70,2,64,1,72,2,0,0,1,0,68.66666667,1
140111,female,F,group D,associate's degree,free/reduced,completed,77,2,89,2,98,2,0,0,0,1,88,2
140112,male,M,group C,high school,standard,none,62,1,55,1,49,1,1,0,0,0,55.33333333,1
140113,male,M,group A,associate's degree,standard,none,54,1,53,1,47,1,1,0,0,0,51.33333333,1
140114,female,F,group D,some college,standard,none,51,1,58,1,54,1,1,0,0,0,54.33333333,1
140115,female,F,group E,bachelor's degree,standard,completed,99,2,100,2,100,2,0,0,0,1,99.66666667,2
140116,male,M,group C,high school,standard,none,84,2,77,2,74,2,0,0,0,1,78.33333333,2
140117,female,F,group B,bachelor's degree,free/reduced,none,75,2,85,2,82,2,0,0,0,1,80.66666667,2
140118,female,F,group D,bachelor's degree,standard,none,78,2,82,2,79,2,0,0,0,1,79.66666667,2
140119,female,F,group D,some high school,standard,none,51,1,63,1,61,1,1,0,0,0,58.33333333,1
140120,female,F,group C,some college,standard,none,55,1,69,1,65,1,1,0,0,0,63,1
140121,female,F,group C,bachelor's degree,standard,completed,79,2,92,2,89,2,0,0,0,1,86.66666667,2
140122,male,M,group B,associate's degree,standard,completed,91,2,89,2,92,2,0,0,0,1,90.66666667,2
140123,female,F,group C,some college,standard,completed,88,2,93,2,93,2,0,0,0,1,91.33333333,2
140124,male,M,group D,high school,free/reduced,none,63,1,57,1,56,1,1,0,0,0,58.66666667,1
140125,male,M,group E,some college,standard,none,83,2,80,2,73,2,0,0,0,1,78.66666667,2
140126,female,F,group B,high school,standard,none,87,2,95,2,86,2,0,0,0,1,89.33333333,2
140127,male,M,group B,some high school,standard,none,72,2,68,1,67,1,0,1,0,0,69,1
140128,male,M,group D,some college,standard,completed,65,1,77,2,74,2,0,0,1,0,72,2
140129,male,M,group D,master's degree,standard,none,82,2,82,2,74,2,0,0,0,1,79.33333333,2
140130,female,F,group A,bachelor's degree,standard,none,51,1,49,1,51,1,1,0,0,0,50.33333333,1
140131,male,M,group D,master's degree,standard,none,89,2,84,2,82,2,0,0,0,1,85,2
140132,male,M,group C,some high school,free/reduced,completed,53,1,37,1,40,1,1,0,0,0,43.33333333,1
140133,male,M,group E,some college,free/reduced,completed,87,2,74,2,70,2,0,0,0,1,77,2
140134,female,F,group C,some college,standard,completed,75,2,81,2,84,2,0,0,0,1,80,2
140135,male,M,group D,bachelor's degree,free/reduced,completed,74,2,79,2,75,2,0,0,0,1,76,2
140136,male,M,group C,bachelor's degree,standard,none,58,1,55,1,48,1,1,0,0,0,53.66666667,1
140137,male,M,group B,some high school,standard,completed,51,1,54,1,41,1,1,0,0,0,48.66666667,1
140138,male,M,group E,high school,standard,none,70,2,55,1,56,1,0,1,0,0,60.33333333,1
140139,female,F,group C,associate's degree,standard,none,59,1,66,1,67,1,1,0,0,0,64,1
140140,male,M,group D,some college,standard,completed,71,2,61,1,69,1,0,1,0,0,67,1
140141,female,F,group D,some high school,standard,none,76,2,72,2,71,2,0,0,0,1,73,2
140142,female,F,group C,some college,free/reduced,none,59,1,62,1,64,1,1,0,0,0,61.66666667,1
140143,female,F,group E,some college,free/reduced,completed,42,1,55,1,54,1,1,0,0,0,50.33333333,1
140144,male,M,group A,high school,standard,none,57,1,43,1,47,1,1,0,0,0,49,1
140145,male,M,group D,some college,standard,none,88,2,73,2,78,2,0,0,0,1,79.66666667,2
140146,female,F,group C,some college,free/reduced,none,22,1,39,1,33,1,1,0,0,0,31.33333333,1
140147,male,M,group B,some high school,standard,none,88,2,84,2,75,2,0,0,0,1,82.33333333,2
140148,male,M,group C,associate's degree,free/reduced,none,73,2,68,1,66,1,0,1,0,0,69,1
140149,female,F,group D,bachelor's degree,standard,completed,68,1,75,2,81,2,0,0,1,0,74.66666667,2
140150,male,M,group E,associate's degree,free/reduced,completed,100,2,100,2,93,2,0,0,0,1,97.66666667,2
140151,male,M,group A,some high school,standard,completed,62,1,67,1,69,1,1,0,0,0,66,1
140152,male,M,group A,bachelor's degree,standard,none,77,2,67,1,68,1,0,1,0,0,70.66666667,2
140153,female,F,group B,associate's degree,standard,completed,59,1,70,2,66,1,0,1,0,0,65,1
140154,male,M,group D,bachelor's degree,standard,none,54,1,49,1,47,1,1,0,0,0,50,1
140155,male,M,group D,some high school,standard,none,62,1,67,1,61,1,1,0,0,0,63.33333333,1
140156,female,F,group C,some college,standard,completed,70,2,89,2,88,2,0,0,0,1,82.33333333,2
140157,female,F,group E,high school,free/reduced,completed,66,1,74,2,78,2,0,0,1,0,72.66666667,2
140158,male,M,group B,some college,free/reduced,none,60,1,60,1,60,1,1,0,0,0,60,1
140159,female,F,group B,associate's degree,standard,completed,61,1,86,2,87,2,0,0,1,0,78,2
140160,male,M,group D,associate's degree,free/reduced,none,66,1,62,1,64,1,1,0,0,0,64,1
140161,male,M,group B,associate's degree,free/reduced,completed,82,2,78,2,74,2,0,0,0,1,78,2
140162,female,F,group E,some college,free/reduced,completed,75,2,88,2,85,2,0,0,0,1,82.66666667,2
140163,male,M,group B,master's degree,free/reduced,none,49,1,53,1,52,1,1,0,0,0,51.33333333,1
140164,male,M,group C,high school,standard,none,52,1,53,1,49,1,1,0,0,0,51.33333333,1
140165,female,F,group E,master's degree,standard,none,81,2,92,2,91,2,0,0,0,1,88,2
140166,female,F,group C,bachelor's degree,standard,completed,96,2,100,2,100,2,0,0,0,1,98.66666667,2
140167,male,M,group C,high school,free/reduced,completed,53,1,51,1,51,1,1,0,0,0,51.66666667,1
140168,female,F,group B,master's degree,free/reduced,completed,58,1,76,2,78,2,0,0,1,0,70.66666667,2
140169,female,F,group B,high school,standard,completed,68,1,83,2,78,2,0,0,1,0,76.33333333,2
140170,female,F,group C,some college,free/reduced,completed,67,1,75,2,70,2,0,0,1,0,70.66666667,2
140171,male,M,group A,high school,standard,completed,72,2,73,2,74,2,0,0,0,1,73,2
140172,male,M,group E,some high school,standard,none,94,2,88,2,78,2,0,0,0,1,86.66666667,2
140173,female,F,group D,some college,standard,none,79,2,86,2,81,2,0,0,0,1,82,2
140174,female,F,group C,associate's degree,standard,none,63,1,67,1,70,2,0,1,0,0,66.66666667,1
140175,female,F,group C,bachelor's degree,free/reduced,completed,43,1,51,1,54,1,1,0,0,0,49.33333333,1
140176,female,F,group C,master's degree,standard,completed,81,2,91,2,87,2,0,0,0,1,86.33333333,2
140177,female,F,group B,high school,free/reduced,completed,46,1,54,1,58,1,1,0,0,0,52.66666667,1
140178,female,F,group C,associate's degree,standard,completed,71,2,77,2,77,2,0,0,0,1,75,2
140179,female,F,group B,master's degree,free/reduced,completed,52,1,70,2,62,1,0,1,0,0,61.33333333,1
140180,female,F,group D,some high school,standard,completed,97,2,100,2,100,2,0,0,0,1,99,2
140181,male,M,group C,master's degree,free/reduced,completed,62,1,68,1,75,2,0,1,0,0,68.33333333,1
140182,female,F,group C,some college,free/reduced,none,46,1,64,1,66,1,1,0,0,0,58.66666667,1
140183,female,F,group E,high school,standard,none,50,1,50,1,47,1,1,0,0,0,49,1
140184,female,F,group D,associate's degree,standard,none,65,1,69,1,70,2,0,1,0,0,68,1
140185,male,M,group C,some high school,free/reduced,completed,45,1,52,1,49,1,1,0,0,0,48.66666667,1
140186,male,M,group C,associate's degree,free/reduced,completed,65,1,67,1,65,1,1,0,0,0,65.66666667,1
140187,male,M,group E,high school,standard,none,80,2,76,2,65,1,0,0,1,0,73.66666667,2
140188,male,M,group D,some high school,standard,completed,62,1,66,1,68,1,1,0,0,0,65.33333333,1
140189,male,M,group B,some high school,free/reduced,none,48,1,52,1,45,1,1,0,0,0,48.33333333,1
140190,female,F,group C,bachelor's degree,standard,none,77,2,88,2,87,2,0,0,0,1,84,2
140191,female,F,group E,associate's degree,standard,none,66,1,65,1,69,1,1,0,0,0,66.66666667,1
140192,male,M,group D,some college,standard,completed,76,2,83,2,79,2,0,0,0,1,79.33333333,2
140193,female,F,group B,some high school,standard,none,62,1,64,1,66,1,1,0,0,0,64,1
140194,male,M,group D,some college,standard,completed,77,2,62,1,62,1,0,1,0,0,67,1
140195,female,F,group C,master's degree,standard,completed,69,1,84,2,85,2,0,0,1,0,79.33333333,2
140196,male,M,group D,associate's degree,standard,none,61,1,55,1,52,1,1,0,0,0,56,1
140197,male,M,group C,some high school,free/reduced,completed,59,1,69,1,65,1,1,0,0,0,64.33333333,1
140198,male,M,group E,high school,free/reduced,none,55,1,56,1,51,1,1,0,0,0,54,1
140199,female,F,group B,some college,free/reduced,none,45,1,53,1,55,1,1,0,0,0,51,1
140200,female,F,group B,bachelor's degree,free/reduced,none,78,2,79,2,76,2,0,0,0,1,77.66666667,2
140201,female,F,group C,associate's degree,standard,completed,67,1,84,2,86,2,0,0,1,0,79,2
140202,female,F,group D,some college,free/reduced,none,65,1,81,2,77,2,0,0,1,0,74.33333333,2
140203,male,M,group C,associate's degree,standard,none,69,1,77,2,69,1,0,1,0,0,71.66666667,2
140204,female,F,group B,associate's degree,standard,none,57,1,69,1,68,1,1,0,0,0,64.66666667,1
140205,male,M,group C,some college,standard,none,59,1,41,1,42,1,1,0,0,0,47.33333333,1
140206,male,M,group D,some high school,standard,completed,74,2,71,2,78,2,0,0,0,1,74.33333333,2
140207,male,M,group E,bachelor's degree,standard,none,82,2,62,1,62,1,0,1,0,0,68.66666667,1
140208,male,M,group E,high school,standard,completed,81,2,80,2,76,2,0,0,0,1,79,2
140209,female,F,group B,some college,free/reduced,none,74,2,81,2,76,2,0,0,0,1,77,2
140210,female,F,group B,some college,free/reduced,none,58,1,61,1,66,1,1,0,0,0,61.66666667,1
140211,male,M,group D,some high school,free/reduced,completed,80,2,79,2,79,2,0,0,0,1,79.33333333,2
140212,male,M,group C,some college,free/reduced,none,35,1,28,1,27,1,1,0,0,0,30,1
140213,female,F,group C,high school,free/reduced,none,42,1,62,1,60,1,1,0,0,0,54.66666667,1
140214,male,M,group C,associate's degree,free/reduced,completed,60,1,51,1,56,1,1,0,0,0,55.66666667,1
140215,male,M,group E,high school,standard,completed,87,2,91,2,81,2,0,0,0,1,86.33333333,2
140216,male,M,group B,some high school,standard,completed,84,2,83,2,75,2,0,0,0,1,80.66666667,2
140217,female,F,group E,associate's degree,free/reduced,completed,83,2,86,2,88,2,0,0,0,1,85.66666667,2
140218,female,F,group C,high school,free/reduced,none,34,1,42,1,39,1,1,0,0,0,38.33333333,1
140219,male,M,group B,high school,free/reduced,none,66,1,77,2,70,2,0,0,1,0,71,2
140220,male,M,group B,some high school,standard,completed,61,1,56,1,56,1,1,0,0,0,57.66666667,1
140221,female,F,group D,high school,standard,completed,56,1,68,1,74,2,0,1,0,0,66,1
140222,male,M,group B,associate's degree,standard,none,87,2,85,2,73,2,0,0,0,1,81.66666667,2
140223,female,F,group C,some high school,free/reduced,none,55,1,65,1,62,1,1,0,0,0,60.66666667,1
140224,male,M,group D,some high school,standard,none,86,2,80,2,75,2,0,0,0,1,80.33333333,2
140225,female,F,group B,associate's degree,standard,completed,52,1,66,1,73,2,0,1,0,0,63.66666667,1
140226,female,F,group E,master's degree,free/reduced,none,45,1,56,1,54,1,1,0,0,0,51.66666667,1
140227,female,F,group C,some college,standard,none,72,2,72,2,71,2,0,0,0,1,71.66666667,2
140228,male,M,group D,high school,standard,none,57,1,50,1,54,1,1,0,0,0,53.66666667,1
140229,male,M,group A,some high school,free/reduced,none,68,1,72,2,64,1,0,1,0,0,68,1
140230,female,F,group C,some college,standard,completed,88,2,95,2,94,2,0,0,0,1,92.33333333,2
140231,male,M,group D,some college,standard,none,76,2,64,1,66,1,0,1,0,0,68.66666667,1
140232,male,M,group C,associate's degree,standard,none,46,1,43,1,42,1,1,0,0,0,43.66666667,1
140233,female,F,group B,bachelor's degree,standard,none,67,1,86,2,83,2,0,0,1,0,78.66666667,2
140234,male,M,group E,some high school,standard,none,92,2,87,2,78,2,0,0,0,1,85.66666667,2
140235,male,M,group C,bachelor's degree,standard,completed,83,2,82,2,84,2,0,0,0,1,83,2
140236,male,M,group D,associate's degree,standard,none,80,2,75,2,77,2,0,0,0,1,77.33333333,2
140237,male,M,group D,bachelor's degree,free/reduced,none,63,1,66,1,67,1,1,0,0,0,65.33333333,1
140238,female,F,group D,some high school,standard,completed,64,1,60,1,74,2,0,1,0,0,66,1
140239,male,M,group B,some college,standard,none,54,1,52,1,51,1,1,0,0,0,52.33333333,1
140240,male,M,group C,associate's degree,standard,none,84,2,80,2,80,2,0,0,0,1,81.33333333,2
140241,male,M,group D,high school,free/reduced,completed,73,2,68,1,66,1,0,1,0,0,69,1
140242,female,F,group E,bachelor's degree,standard,none,80,2,83,2,83,2,0,0,0,1,82,2
140243,female,F,group D,high school,standard,none,56,1,52,1,55,1,1,0,0,0,54.33333333,1
140244,male,M,group E,some college,standard,none,59,1,51,1,43,1,1,0,0,0,51,1
140245,male,M,group D,some high school,standard,none,75,2,74,2,69,1,0,0,1,0,72.66666667,2
140246,male,M,group C,associate's degree,standard,none,85,2,76,2,71,2,0,0,0,1,77.33333333,2
140247,male,M,group E,associate's degree,standard,none,89,2,76,2,74,2,0,0,0,1,79.66666667,2
140248,female,F,group B,high school,standard,completed,58,1,70,2,68,1,0,1,0,0,65.33333333,1
140249,female,F,group B,high school,standard,none,65,1,64,1,62,1,1,0,0,0,63.66666667,1
140250,male,M,group C,high school,standard,none,68,1,60,1,53,1,1,0,0,0,60.33333333,1
140251,male,M,group A,some high school,standard,completed,47,1,49,1,49,1,1,0,0,0,48.33333333,1
140252,female,F,group D,some college,free/reduced,none,71,2,83,2,83,2,0,0,0,1,79,2
140253,female,F,group B,some high school,standard,completed,60,1,70,2,70,2,0,0,1,0,66.66666667,1
140254,male,M,group D,master's degree,standard,none,80,2,80,2,72,2,0,0,0,1,77.33333333,2
140255,male,M,group D,high school,standard,none,54,1,52,1,52,1,1,0,0,0,52.66666667,1
140256,female,F,group E,some college,standard,none,62,1,73,2,70,2,0,0,1,0,68.33333333,1
140257,female,F,group C,associate's degree,free/reduced,none,64,1,73,2,68,1,0,1,0,0,68.33333333,1
140258,male,M,group C,associate's degree,standard,completed,78,2,77,2,77,2,0,0,0,1,77.33333333,2
140259,female,F,group B,some college,standard,none,70,2,75,2,78,2,0,0,0,1,74.33333333,2
140260,female,F,group C,master's degree,free/reduced,completed,65,1,81,2,81,2,0,0,1,0,75.66666667,2
140261,female,F,group C,some high school,free/reduced,completed,64,1,79,2,77,2,0,0,1,0,73.33333333,2
140262,male,M,group C,some college,standard,completed,79,2,79,2,78,2,0,0,0,1,78.66666667,2
140263,female,F,group C,some high school,free/reduced,none,44,1,50,1,51,1,1,0,0,0,48.33333333,1
140264,female,F,group E,high school,standard,none,99,2,93,2,90,2,0,0,0,1,94,2
140265,male,M,group D,high school,standard,none,76,2,73,2,68,1,0,0,1,0,72.33333333,2
140266,male,M,group D,some high school,free/reduced,none,59,1,42,1,41,1,1,0,0,0,47.33333333,1
140267,female,F,group C,bachelor's degree,standard,none,63,1,75,2,81,2,0,0,1,0,73,2
140268,female,F,group D,high school,standard,none,69,1,72,2,77,2,0,0,1,0,72.66666667,2
140269,female,F,group D,associate's degree,standard,completed,88,2,92,2,95,2,0,0,0,1,91.66666667,2
140270,female,F,group E,some college,free/reduced,none,71,2,76,2,70,2,0,0,0,1,72.33333333,2
140271,male,M,group C,bachelor's degree,standard,none,69,1,63,1,61,1,1,0,0,0,64.33333333,1
140272,male,M,group C,some college,standard,none,58,1,49,1,42,1,1,0,0,0,49.66666667,1
140273,female,F,group D,associate's degree,free/reduced,none,47,1,53,1,58,1,1,0,0,0,52.66666667,1
140274,female,F,group D,some college,standard,none,65,1,70,2,71,2,0,0,1,0,68.66666667,1
140275,male,M,group B,some college,standard,completed,88,2,85,2,76,2,0,0,0,1,83,2
140276,male,M,group C,bachelor's degree,standard,none,83,2,78,2,73,2,0,0,0,1,78,2
140277,female,F,group C,some high school,standard,completed,85,2,92,2,93,2,0,0,0,1,90,2
140278,female,F,group E,high school,standard,completed,59,1,63,1,75,2,0,1,0,0,65.66666667,1
140279,female,F,group C,some high school,free/reduced,none,65,1,86,2,80,2,0,0,1,0,77,2
140280,male,M,group B,bachelor's degree,free/reduced,none,73,2,56,1,57,1,0,1,0,0,62,1
140281,male,M,group D,high school,standard,none,53,1,52,1,42,1,1,0,0,0,49,1
140282,male,M,group D,high school,standard,none,45,1,48,1,46,1,1,0,0,0,46.33333333,1
140283,female,F,group D,bachelor's degree,free/reduced,none,73,2,79,2,84,2,0,0,0,1,78.66666667,2
140284,female,F,group D,some college,free/reduced,completed,70,2,78,2,78,2,0,0,0,1,75.33333333,2
140285,female,F,group B,some high school,standard,none,37,1,46,1,46,1,1,0,0,0,43,1
140286,male,M,group B,associate's degree,standard,completed,81,2,82,2,82,2,0,0,0,1,81.66666667,2
140287,male,M,group E,associate's degree,standard,completed,97,2,82,2,88,2,0,0,0,1,89,2
140288,female,F,group B,some high school,standard,none,67,1,89,2,82,2,0,0,1,0,79.33333333,2
140289,male,M,group B,bachelor's degree,free/reduced,none,88,2,75,2,76,2,0,0,0,1,79.66666667,2
140290,male,M,group E,some high school,standard,completed,77,2,76,2,77,2,0,0,0,1,76.66666667,2
140291,male,M,group C,associate's degree,standard,none,76,2,70,2,68,1,0,0,1,0,71.33333333,2
140292,male,M,group D,some high school,standard,none,86,2,73,2,70,2,0,0,0,1,76.33333333,2
140293,male,M,group C,some high school,standard,completed,63,1,60,1,57,1,1,0,0,0,60,1
140294,female,F,group E,bachelor's degree,standard,none,65,1,73,2,75,2,0,0,1,0,71,2
140295,male,M,group D,high school,free/reduced,completed,78,2,77,2,80,2,0,0,0,1,78.33333333,2
140296,male,M,group B,associate's degree,free/reduced,none,67,1,62,1,60,1,1,0,0,0,63,1
140297,male,M,group A,some high school,standard,completed,46,1,41,1,43,1,1,0,0,0,43.33333333,1
140298,male,M,group E,associate's degree,standard,completed,71,2,74,2,68,1,0,0,1,0,71,2
140299,male,M,group C,high school,free/reduced,completed,40,1,46,1,50,1,1,0,0,0,45.33333333,1
140300,male,M,group D,associate's degree,free/reduced,none,90,2,87,2,75,2,0,0,0,1,84,2
140301,male,M,group A,some college,free/reduced,completed,81,2,78,2,81,2,0,0,0,1,80,2
140302,male,M,group D,some high school,free/reduced,none,56,1,54,1,52,1,1,0,0,0,54,1
140303,female,F,group C,associate's degree,standard,completed,67,1,84,2,81,2,0,0,1,0,77.33333333,2
140304,male,M,group B,associate's degree,standard,none,80,2,76,2,64,1,0,0,1,0,73.33333333,2
140305,female,F,group C,associate's degree,standard,completed,74,2,75,2,83,2,0,0,0,1,77.33333333,2
140306,male,M,group A,some college,standard,none,69,1,67,1,69,1,1,0,0,0,68.33333333,1
140307,male,M,group E,some college,standard,completed,99,2,87,2,81,2,0,0,0,1,89,2
140308,male,M,group C,some high school,standard,none,51,1,52,1,44,1,1,0,0,0,49,1
140309,female,F,group B,associate's degree,free/reduced,none,53,1,71,2,67,1,0,1,0,0,63.66666667,1
140310,female,F,group D,high school,free/reduced,none,49,1,57,1,52,1,1,0,0,0,52.66666667,1
140311,female,F,group B,associate's degree,standard,none,73,2,76,2,80,2,0,0,0,1,76.33333333,2
140312,male,M,group B,bachelor's degree,standard,none,66,1,60,1,57,1,1,0,0,0,61,1
140313,male,M,group D,bachelor's degree,standard,completed,67,1,61,1,68,1,1,0,0,0,65.33333333,1
140314,female,F,group C,associate's degree,free/reduced,completed,68,1,67,1,69,1,1,0,0,0,68,1
140315,female,F,group C,bachelor's degree,standard,completed,59,1,64,1,75,2,0,1,0,0,66,1
140316,male,M,group C,high school,standard,none,71,2,66,1,65,1,0,1,0,0,67.33333333,1
140317,female,F,group D,master's degree,standard,completed,77,2,82,2,91,2,0,0,0,1,83.33333333,2
140318,male,M,group C,associate's degree,standard,none,83,2,72,2,78,2,0,0,0,1,77.66666667,2
140319,male,M,group B,bachelor's degree,standard,none,63,1,71,2,69,1,0,1,0,0,67.66666667,1
140320,female,F,group D,associate's degree,free/reduced,none,56,1,65,1,63,1,1,0,0,0,61.33333333,1
140321,female,F,group C,high school,free/reduced,completed,67,1,79,2,84,2,0,0,1,0,76.66666667,2
140322,female,F,group E,high school,standard,none,75,2,86,2,79,2,0,0,0,1,80,2
140323,female,F,group C,some college,standard,none,71,2,81,2,80,2,0,0,0,1,77.33333333,2
140324,female,F,group C,some high school,free/reduced,none,43,1,53,1,53,1,1,0,0,0,49.66666667,1
140325,female,F,group C,high school,free/reduced,none,41,1,46,1,43,1,1,0,0,0,43.33333333,1
140326,female,F,group C,some college,standard,none,82,2,90,2,94,2,0,0,0,1,88.66666667,2
140327,male,M,group C,some college,standard,none,61,1,61,1,62,1,1,0,0,0,61.33333333,1
140328,male,M,group A,some college,free/reduced,none,28,1,23,1,19,1,1,0,0,0,23.33333333,1
140329,male,M,group C,associate's degree,standard,completed,82,2,75,2,77,2,0,0,0,1,78,2
140330,female,F,group B,some high school,standard,none,41,1,55,1,51,1,1,0,0,0,49,1
140331,male,M,group C,high school,standard,none,71,2,60,1,61,1,0,1,0,0,64,1
140332,male,M,group C,associate's degree,standard,none,47,1,37,1,35,1,1,0,0,0,39.66666667,1
140333,male,M,group E,associate's degree,standard,completed,62,1,56,1,53,1,1,0,0,0,57,1
140334,male,M,group B,associate's degree,standard,none,90,2,78,2,81,2,0,0,0,1,83,2
140335,female,F,group C,bachelor's degree,standard,none,83,2,93,2,95,2,0,0,0,1,90.33333333,2
140336,female,F,group B,some college,free/reduced,none,61,1,68,1,66,1,1,0,0,0,65,1
140337,male,M,group D,some high school,standard,completed,76,2,70,2,69,1,0,0,1,0,71.66666667,2
140338,male,M,group C,associate's degree,standard,none,49,1,51,1,43,1,1,0,0,0,47.66666667,1
140339,female,F,group B,some high school,free/reduced,none,24,1,38,1,27,1,1,0,0,0,29.66666667,1
140340,female,F,group D,some high school,free/reduced,completed,35,1,55,1,60,1,1,0,0,0,50,1
140341,male,M,group C,high school,free/reduced,none,58,1,61,1,52,1,1,0,0,0,57,1
140342,female,F,group C,high school,standard,none,61,1,73,2,63,1,0,1,0,0,65.66666667,1
140343,female,F,group B,high school,standard,completed,69,1,76,2,74,2,0,0,1,0,73,2
140344,male,M,group D,associate's degree,standard,completed,67,1,72,2,67,1,0,1,0,0,68.66666667,1
140345,male,M,group D,some college,standard,none,79,2,73,2,67,1,0,0,1,0,73,2
140346,female,F,group C,high school,standard,none,72,2,80,2,75,2,0,0,0,1,75.66666667,2
140347,male,M,group B,some college,standard,none,62,1,61,1,57,1,1,0,0,0,60,1
140348,female,F,group C,bachelor's degree,standard,completed,77,2,94,2,95,2,0,0,0,1,88.66666667,2
140349,male,M,group D,high school,free/reduced,none,75,2,74,2,66,1,0,0,1,0,71.66666667,2
140350,male,M,group E,associate's degree,standard,none,87,2,74,2,76,2,0,0,0,1,79,2
140351,female,F,group B,bachelor's degree,standard,none,52,1,65,1,69,1,1,0,0,0,62,1
140352,male,M,group E,some college,standard,none,66,1,57,1,52,1,1,0,0,0,58.33333333,1
140353,female,F,group C,some college,standard,completed,63,1,78,2,80,2,0,0,1,0,73.66666667,2
140354,female,F,group C,associate's degree,standard,none,46,1,58,1,57,1,1,0,0,0,53.66666667,1
140355,female,F,group C,some college,standard,none,59,1,71,2,70,2,0,0,1,0,66.66666667,1
140356,female,F,group B,bachelor's degree,standard,none,61,1,72,2,70,2,0,0,1,0,67.66666667,1
140357,male,M,group A,associate's degree,standard,none,63,1,61,1,61,1,1,0,0,0,61.66666667,1
140358,female,F,group C,some college,free/reduced,completed,42,1,66,1,69,1,1,0,0,0,59,1
140359,male,M,group D,some college,free/reduced,none,59,1,62,1,61,1,1,0,0,0,60.66666667,1
140360,female,F,group D,some college,standard,none,80,2,90,2,89,2,0,0,0,1,86.33333333,2
140361,female,F,group B,high school,standard,none,58,1,62,1,59,1,1,0,0,0,59.66666667,1
140362,male,M,group B,some high school,standard,completed,85,2,84,2,78,2,0,0,0,1,82.33333333,2
140363,female,F,group C,some college,standard,none,52,1,58,1,58,1,1,0,0,0,56,1
140364,female,F,group D,some high school,free/reduced,none,27,1,34,1,32,1,1,0,0,0,31,1
140365,male,M,group C,some college,standard,none,59,1,60,1,58,1,1,0,0,0,59,1
140366,male,M,group A,bachelor's degree,free/reduced,completed,49,1,58,1,60,1,1,0,0,0,55.66666667,1
140367,male,M,group C,high school,standard,completed,69,1,58,1,53,1,1,0,0,0,60,1
140368,male,M,group C,bachelor's degree,free/reduced,none,61,1,66,1,61,1,1,0,0,0,62.66666667,1
140369,female,F,group A,some high school,free/reduced,none,44,1,64,1,58,1,1,0,0,0,55.33333333,1
140370,female,F,group D,some high school,standard,none,73,2,84,2,85,2,0,0,0,1,80.66666667,2
140371,male,M,group E,some college,standard,none,84,2,77,2,71,2,0,0,0,1,77.33333333,2
140372,female,F,group C,some college,free/reduced,completed,45,1,73,2,70,2,0,0,1,0,62.66666667,1
140373,male,M,group D,some high school,standard,none,74,2,74,2,72,2,0,0,0,1,73.33333333,2
140374,female,F,group D,some college,standard,completed,82,2,97,2,96,2,0,0,0,1,91.66666667,2
140375,female,F,group D,bachelor's degree,standard,none,59,1,70,2,73,2,0,0,1,0,67.33333333,1
140376,male,M,group E,associate's degree,free/reduced,none,46,1,43,1,41,1,1,0,0,0,43.33333333,1
140377,female,F,group D,some high school,standard,none,80,2,90,2,82,2,0,0,0,1,84,2
140378,female,F,group D,master's degree,free/reduced,completed,85,2,95,2,100,2,0,0,0,1,93.33333333,2
140379,female,F,group A,some high school,standard,none,71,2,83,2,77,2,0,0,0,1,77,2
140380,male,M,group A,bachelor's degree,standard,none,66,1,64,1,62,1,1,0,0,0,64,1
140381,female,F,group B,associate's degree,standard,none,80,2,86,2,83,2,0,0,0,1,83,2
140382,male,M,group C,associate's degree,standard,completed,87,2,100,2,95,2,0,0,0,1,94,2
140383,male,M,group C,master's degree,free/reduced,none,79,2,81,2,71,2,0,0,0,1,77,2
140384,female,F,group E,some high school,free/reduced,none,38,1,49,1,45,1,1,0,0,0,44,1
140385,female,F,group A,some high school,free/reduced,none,38,1,43,1,43,1,1,0,0,0,41.33333333,1
140386,female,F,group E,some college,standard,none,67,1,76,2,75,2,0,0,1,0,72.66666667,2
140387,female,F,group E,bachelor's degree,standard,none,64,1,73,2,70,2,0,0,1,0,69,1
140388,female,F,group C,associate's degree,free/reduced,none,57,1,78,2,67,1,0,1,0,0,67.33333333,1
140389,female,F,group D,high school,standard,none,62,1,64,1,64,1,1,0,0,0,63.33333333,1
140390,male,M,group D,master's degree,standard,none,73,2,70,2,75,2,0,0,0,1,72.66666667,2
140391,male,M,group E,some high school,free/reduced,completed,73,2,67,1,59,1,0,1,0,0,66.33333333,1
140392,female,F,group D,some college,standard,none,77,2,68,1,77,2,0,0,1,0,74,2
140393,male,M,group E,some college,standard,none,76,2,67,1,67,1,0,1,0,0,70,2
140394,male,M,group C,associate's degree,standard,completed,57,1,54,1,56,1,1,0,0,0,55.66666667,1
140395,female,F,group C,some high school,standard,completed,65,1,74,2,77,2,0,0,1,0,72,2
140396,male,M,group A,high school,free/reduced,none,48,1,45,1,41,1,1,0,0,0,44.66666667,1
140397,female,F,group B,high school,free/reduced,none,50,1,67,1,63,1,1,0,0,0,60,1
140398,female,F,group C,associate's degree,standard,none,85,2,89,2,95,2,0,0,0,1,89.66666667,2
140399,male,M,group B,some high school,standard,none,74,2,63,1,57,1,0,1,0,0,64.66666667,1
140400,male,M,group D,some high school,standard,none,60,1,59,1,54,1,1,0,0,0,57.66666667,1
140401,female,F,group C,some high school,standard,completed,59,1,54,1,67,1,1,0,0,0,60,1
140402,male,M,group A,some college,standard,none,53,1,43,1,43,1,1,0,0,0,46.33333333,1
140403,female,F,group A,some college,free/reduced,none,49,1,65,1,55,1,1,0,0,0,56.33333333,1
140404,female,F,group D,high school,standard,completed,88,2,99,2,100,2,0,0,0,1,95.66666667,2
140405,female,F,group C,high school,standard,none,54,1,59,1,62,1,1,0,0,0,58.33333333,1
140406,female,F,group C,some high school,standard,none,63,1,73,2,68,1,0,1,0,0,68,1
140407,male,M,group B,associate's degree,standard,completed,65,1,65,1,63,1,1,0,0,0,64.33333333,1
140408,female,F,group B,associate's degree,standard,none,82,2,80,2,77,2,0,0,0,1,79.66666667,2
140409,female,F,group D,high school,free/reduced,completed,52,1,57,1,56,1,1,0,0,0,55,1
140410,male,M,group D,associate's degree,standard,completed,87,2,84,2,85,2,0,0,0,1,85.33333333,2
140411,female,F,group D,master's degree,standard,completed,70,2,71,2,74,2,0,0,0,1,71.66666667,2
140412,male,M,group E,some college,standard,completed,84,2,83,2,78,2,0,0,0,1,81.66666667,2
140413,male,M,group D,associate's degree,standard,none,71,2,66,1,60,1,0,1,0,0,65.66666667,1
140414,male,M,group B,some high school,standard,completed,63,1,67,1,67,1,1,0,0,0,65.66666667,1
140415,female,F,group C,bachelor's degree,free/reduced,completed,51,1,72,2,79,2,0,0,1,0,67.33333333,1
140416,male,M,group E,high school,standard,none,84,2,73,2,69,1,0,0,1,0,75.33333333,2
140417,male,M,group C,bachelor's degree,standard,completed,71,2,74,2,68,1,0,0,1,0,71,2
140418,male,M,group C,associate's degree,standard,none,74,2,73,2,67,1,0,0,1,0,71.33333333,2
140419,male,M,group D,some college,standard,none,68,1,59,1,62,1,1,0,0,0,63,1
140420,male,M,group E,high school,free/reduced,completed,57,1,56,1,54,1,1,0,0,0,55.66666667,1
140421,female,F,group C,associate's degree,free/reduced,completed,82,2,93,2,93,2,0,0,0,1,89.33333333,2
140422,female,F,group D,high school,standard,completed,57,1,58,1,64,1,1,0,0,0,59.66666667,1
140423,female,F,group D,master's degree,free/reduced,completed,47,1,58,1,67,1,1,0,0,0,57.33333333,1
140424,female,F,group A,some high school,standard,completed,59,1,85,2,80,2,0,0,1,0,74.66666667,2
140425,male,M,group B,some college,free/reduced,none,41,1,39,1,34,1,1,0,0,0,38,1
140426,female,F,group C,some college,free/reduced,none,62,1,67,1,62,1,1,0,0,0,63.66666667,1
140427,male,M,group C,bachelor's degree,standard,none,86,2,83,2,86,2,0,0,0,1,85,2
140428,male,M,group C,some high school,free/reduced,none,69,1,71,2,65,1,0,1,0,0,68.33333333,1
140429,male,M,group A,some high school,free/reduced,none,65,1,59,1,53,1,1,0,0,0,59,1
140430,male,M,group C,some high school,free/reduced,none,68,1,63,1,54,1,1,0,0,0,61.66666667,1
140431,male,M,group C,associate's degree,free/reduced,none,64,1,66,1,59,1,1,0,0,0,63,1
140432,female,F,group C,high school,standard,none,61,1,72,2,70,2,0,0,1,0,67.66666667,1
140433,male,M,group C,high school,standard,none,61,1,56,1,55,1,1,0,0,0,57.33333333,1
140434,female,F,group A,some high school,free/reduced,none,47,1,59,1,50,1,1,0,0,0,52,1
140435,male,M,group C,some high school,standard,none,73,2,66,1,66,1,0,1,0,0,68.33333333,1
140436,male,M,group C,some college,free/reduced,completed,50,1,48,1,53,1,1,0,0,0,50.33333333,1
140437,male,M,group D,associate's degree,standard,none,75,2,68,1,64,1,0,1,0,0,69,1
140438,male,M,group D,associate's degree,free/reduced,none,75,2,66,1,73,2,0,0,1,0,71.33333333,2
140439,male,M,group C,high school,standard,none,70,2,56,1,51,1,0,1,0,0,59,1
140440,male,M,group D,some high school,standard,completed,89,2,88,2,82,2,0,0,0,1,86.33333333,2
140441,female,F,group C,some college,standard,completed,67,1,81,2,79,2,0,0,1,0,75.66666667,2
140442,female,F,group D,high school,standard,none,78,2,81,2,80,2,0,0,0,1,79.66666667,2
140443,female,F,group A,some high school,free/reduced,none,59,1,73,2,69,1,0,1,0,0,67,1
140444,female,F,group B,associate's degree,standard,none,73,2,83,2,76,2,0,0,0,1,77.33333333,2
140445,male,M,group A,some high school,free/reduced,none,79,2,82,2,73,2,0,0,0,1,78,2
140446,female,F,group C,some high school,standard,completed,67,1,74,2,77,2,0,0,1,0,72.66666667,2
140447,male,M,group D,some college,free/reduced,none,69,1,66,1,60,1,1,0,0,0,65,1
140448,male,M,group C,high school,standard,completed,86,2,81,2,80,2,0,0,0,1,82.33333333,2
140449,male,M,group B,high school,standard,none,47,1,46,1,42,1,1,0,0,0,45,1
140450,male,M,group B,associate's degree,standard,none,81,2,73,2,72,2,0,0,0,1,75.33333333,2
140451,female,F,group C,some college,free/reduced,completed,64,1,85,2,85,2,0,0,1,0,78,2
140452,female,F,group E,some college,standard,none,100,2,92,2,97,2,0,0,0,1,96.33333333,2
140453,female,F,group C,associate's degree,free/reduced,none,65,1,77,2,74,2,0,0,1,0,72,2
140454,male,M,group C,some college,free/reduced,none,65,1,58,1,49,1,1,0,0,0,57.33333333,1
140455,female,F,group C,associate's degree,free/reduced,none,53,1,61,1,62,1,1,0,0,0,58.66666667,1
140456,male,M,group C,bachelor's degree,free/reduced,none,37,1,56,1,47,1,1,0,0,0,46.66666667,1
140457,female,F,group D,bachelor's degree,standard,none,79,2,89,2,89,2,0,0,0,1,85.66666667,2
140458,male,M,group D,associate's degree,free/reduced,none,53,1,54,1,48,1,1,0,0,0,51.66666667,1
140459,female,F,group E,bachelor's degree,standard,none,100,2,100,2,100,2,0,0,0,1,100,2
140460,male,M,group B,high school,standard,completed,72,2,65,1,68,1,0,1,0,0,68.33333333,1
140461,male,M,group C,bachelor's degree,free/reduced,none,53,1,58,1,55,1,1,0,0,0,55.33333333,1
140462,male,M,group B,some college,free/reduced,none,54,1,54,1,45,1,1,0,0,0,51,1
140463,female,F,group E,some college,standard,none,71,2,70,2,76,2,0,0,0,1,72.33333333,2
140464,female,F,group C,some college,free/reduced,none,77,2,90,2,91,2,0,0,0,1,86,2
140465,male,M,group A,bachelor's degree,standard,completed,75,2,58,1,62,1,0,1,0,0,65,1
140466,female,F,group C,some college,standard,none,84,2,87,2,91,2,0,0,0,1,87.33333333,2
140467,female,F,group D,associate's degree,free/reduced,none,26,1,31,1,38,1,1,0,0,0,31.66666667,1
140468,male,M,group A,high school,free/reduced,completed,72,2,67,1,65,1,0,1,0,0,68,1
140469,female,F,group A,high school,free/reduced,completed,77,2,88,2,85,2,0,0,0,1,83.33333333,2
140470,male,M,group C,some college,standard,none,91,2,74,2,76,2,0,0,0,1,80.33333333,2
140471,female,F,group C,associate's degree,standard,completed,83,2,85,2,90,2,0,0,0,1,86,2
140472,female,F,group C,high school,standard,none,63,1,69,1,74,2,0,1,0,0,68.66666667,1
140473,female,F,group C,associate's degree,standard,completed,68,1,86,2,84,2,0,0,1,0,79.33333333,2
140474,female,F,group D,some high school,standard,none,59,1,67,1,61,1,1,0,0,0,62.33333333,1
140475,female,F,group B,associate's degree,standard,completed,90,2,90,2,91,2,0,0,0,1,90.33333333,2
140476,female,F,group D,bachelor's degree,standard,completed,71,2,76,2,83,2,0,0,0,1,76.66666667,2
140477,male,M,group E,bachelor's degree,standard,completed,76,2,62,1,66,1,0,1,0,0,68,1
140478,male,M,group D,associate's degree,standard,none,80,2,68,1,72,2,0,0,1,0,73.33333333,2
140479,female,F,group D,master's degree,standard,none,55,1,64,1,70,2,0,1,0,0,63,1
140480,male,M,group E,associate's degree,standard,none,76,2,71,2,67,1,0,0,1,0,71.33333333,2
140481,male,M,group B,high school,standard,completed,73,2,71,2,68,1,0,0,1,0,70.66666667,2
140482,female,F,group D,associate's degree,free/reduced,none,52,1,59,1,56,1,1,0,0,0,55.66666667,1
140483,male,M,group C,some college,free/reduced,none,68,1,68,1,61,1,1,0,0,0,65.66666667,1
140484,male,M,group A,high school,standard,none,59,1,52,1,46,1,1,0,0,0,52.33333333,1
140485,female,F,group B,associate's degree,standard,none,49,1,52,1,54,1,1,0,0,0,51.66666667,1
140486,male,M,group C,high school,standard,none,70,2,74,2,71,2,0,0,0,1,71.66666667,2
140487,male,M,group D,some college,free/reduced,none,61,1,47,1,56,1,1,0,0,0,54.66666667,1
140488,female,F,group C,associate's degree,free/reduced,none,60,1,75,2,74,2,0,0,1,0,69.66666667,1
140489,male,M,group B,some high school,standard,completed,64,1,53,1,57,1,1,0,0,0,58,1
140490,male,M,group A,associate's degree,free/reduced,completed,79,2,82,2,82,2,0,0,0,1,81,2
140491,female,F,group A,associate's degree,free/reduced,none,65,1,85,2,76,2,0,0,1,0,75.33333333,2
140492,female,F,group C,associate's degree,standard,none,64,1,64,1,70,2,0,1,0,0,66,1
140493,female,F,group C,some college,standard,none,83,2,83,2,90,2,0,0,0,1,85.33333333,2
140494,female,F,group C,bachelor's degree,standard,none,81,2,88,2,90,2,0,0,0,1,86.33333333,2
140495,female,F,group B,high school,standard,none,54,1,64,1,68,1,1,0,0,0,62,1
140496,male,M,group D,high school,standard,completed,68,1,64,1,66,1,1,0,0,0,66,1
140497,female,F,group C,some college,standard,none,54,1,48,1,52,1,1,0,0,0,51.33333333,1
140498,female,F,group D,some college,free/reduced,completed,59,1,78,2,76,2,0,0,1,0,71,2
140499,female,F,group B,some high school,standard,none,66,1,69,1,68,1,1,0,0,0,67.66666667,1
140500,male,M,group E,some college,standard,none,76,2,71,2,72,2,0,0,0,1,73,2
140501,female,F,group D,master's degree,standard,none,74,2,79,2,82,2,0,0,0,1,78.33333333,2
140502,female,F,group B,associate's degree,standard,completed,94,2,87,2,92,2,0,0,0,1,91,2
140503,male,M,group C,some college,free/reduced,none,63,1,61,1,54,1,1,0,0,0,59.33333333,1
140504,female,F,group E,associate's degree,standard,completed,95,2,89,2,92,2,0,0,0,1,92,2
140505,female,F,group D,master's degree,free/reduced,none,40,1,59,1,54,1,1,0,0,0,51,1
140506,female,F,group B,some high school,standard,none,82,2,82,2,80,2,0,0,0,1,81.33333333,2
140507,male,M,group A,high school,standard,none,68,1,70,2,66,1,0,1,0,0,68,1
140508,male,M,group B,bachelor's degree,free/reduced,none,55,1,59,1,54,1,1,0,0,0,56,1
140509,male,M,group C,master's degree,standard,none,79,2,78,2,77,2,0,0,0,1,78,2
140510,female,F,group C,bachelor's degree,standard,none,86,2,92,2,87,2,0,0,0,1,88.33333333,2
140511,male,M,group D,some college,standard,none,76,2,71,2,73,2,0,0,0,1,73.33333333,2
140512,male,M,group A,some high school,standard,none,64,1,50,1,43,1,1,0,0,0,52.33333333,1
140513,male,M,group D,some high school,free/reduced,none,62,1,49,1,52,1,1,0,0,0,54.33333333,1
140514,female,F,group B,some high school,standard,completed,54,1,61,1,62,1,1,0,0,0,59,1
140515,female,F,group B,master's degree,free/reduced,completed,77,2,97,2,94,2,0,0,0,1,89.33333333,2
140516,female,F,group C,some high school,standard,completed,76,2,87,2,85,2,0,0,0,1,82.66666667,2
140517,female,F,group D,some college,standard,none,74,2,89,2,84,2,0,0,0,1,82.33333333,2
140518,female,F,group E,some college,standard,completed,66,1,74,2,73,2,0,0,1,0,71,2
140519,female,F,group D,some high school,standard,completed,66,1,78,2,78,2,0,0,1,0,74,2
140520,female,F,group B,high school,free/reduced,completed,67,1,78,2,79,2,0,0,1,0,74.66666667,2
140521,male,M,group D,some college,standard,none,71,2,49,1,52,1,0,1,0,0,57.33333333,1
140522,female,F,group C,associate's degree,standard,none,91,2,86,2,84,2,0,0,0,1,87,2
140523,male,M,group D,bachelor's degree,standard,none,69,1,58,1,57,1,1,0,0,0,61.33333333,1
140524,male,M,group C,master's degree,free/reduced,none,54,1,59,1,50,1,1,0,0,0,54.33333333,1
140525,male,M,group C,high school,standard,completed,53,1,52,1,49,1,1,0,0,0,51.33333333,1
140526,male,M,group E,some college,standard,none,68,1,60,1,59,1,1,0,0,0,62.33333333,1
140527,male,M,group C,some high school,free/reduced,completed,56,1,61,1,60,1,1,0,0,0,59,1
140528,female,F,group C,high school,free/reduced,none,36,1,53,1,43,1,1,0,0,0,44,1
140529,female,F,group D,bachelor's degree,free/reduced,none,29,1,41,1,47,1,1,0,0,0,39,1
140530,female,F,group C,associate's degree,standard,none,62,1,74,2,70,2,0,0,1,0,68.66666667,1
140531,female,F,group C,associate's degree,standard,completed,68,1,67,1,73,2,0,1,0,0,69.33333333,1
140532,female,F,group C,some high school,standard,none,47,1,54,1,53,1,1,0,0,0,51.33333333,1
140533,male,M,group E,associate's degree,standard,completed,62,1,61,1,58,1,1,0,0,0,60.33333333,1
140534,female,F,group E,associate's degree,standard,completed,79,2,88,2,94,2,0,0,0,1,87,2
140535,male,M,group B,high school,standard,completed,73,2,69,1,68,1,0,1,0,0,70,2
140536,female,F,group C,bachelor's degree,free/reduced,completed,66,1,83,2,83,2,0,0,1,0,77.33333333,2
140537,male,M,group C,associate's degree,standard,completed,51,1,60,1,58,1,1,0,0,0,56.33333333,1
140538,female,F,group D,high school,standard,none,51,1,66,1,62,1,1,0,0,0,59.66666667,1
140539,male,M,group E,bachelor's degree,standard,completed,85,2,66,1,71,2,0,0,1,0,74,2
140540,male,M,group A,associate's degree,standard,completed,97,2,92,2,86,2,0,0,0,1,91.66666667,2
140541,male,M,group C,high school,standard,completed,75,2,69,1,68,1,0,1,0,0,70.66666667,2
140542,male,M,group D,associate's degree,free/reduced,completed,79,2,82,2,80,2,0,0,0,1,80.33333333,2
140543,female,F,group C,associate's degree,standard,none,81,2,77,2,79,2,0,0,0,1,79,2
140544,female,F,group D,associate's degree,standard,none,82,2,95,2,89,2,0,0,0,1,88.66666667,2
140545,female,F,group D,master's degree,standard,none,64,1,63,1,66,1,1,0,0,0,64.33333333,1
140546,male,M,group E,some high school,free/reduced,completed,78,2,83,2,80,2,0,0,0,1,80.33333333,2
140547,female,F,group A,some high school,standard,completed,92,2,100,2,97,2,0,0,0,1,96.33333333,2
140548,male,M,group C,high school,standard,completed,72,2,67,1,64,1,0,1,0,0,67.66666667,1
140549,female,F,group C,high school,free/reduced,none,62,1,67,1,64,1,1,0,0,0,64.33333333,1
140550,male,M,group C,master's degree,standard,none,79,2,72,2,69,1,0,0,1,0,73.33333333,2
140551,male,M,group C,some high school,free/reduced,none,79,2,76,2,65,1,0,0,1,0,73.33333333,2
140552,male,M,group B,bachelor's degree,free/reduced,completed,87,2,90,2,88,2,0,0,0,1,88.33333333,2
140553,female,F,group B,associate's degree,standard,none,40,1,48,1,50,1,1,0,0,0,46,1
140554,male,M,group D,some college,free/reduced,none,77,2,62,1,64,1,0,1,0,0,67.66666667,1
140555,male,M,group E,associate's degree,standard,none,53,1,45,1,40,1,1,0,0,0,46,1
140556,female,F,group C,some college,free/reduced,none,32,1,39,1,33,1,1,0,0,0,34.66666667,1
140557,female,F,group C,associate's degree,standard,completed,55,1,72,2,79,2,0,0,1,0,68.66666667,1
140558,male,M,group C,master's degree,free/reduced,none,61,1,67,1,66,1,1,0,0,0,64.66666667,1
140559,female,F,group B,associate's degree,free/reduced,none,53,1,70,2,70,2,0,0,1,0,64.33333333,1
140560,male,M,group D,some high school,standard,none,73,2,66,1,62,1,0,1,0,0,67,1
140561,female,F,group D,some college,standard,completed,74,2,75,2,79,2,0,0,0,1,76,2
140562,female,F,group C,some college,standard,none,63,1,74,2,74,2,0,0,1,0,70.33333333,2
140563,male,M,group C,bachelor's degree,standard,completed,96,2,90,2,92,2,0,0,0,1,92.66666667,2
140564,female,F,group D,some college,free/reduced,completed,63,1,80,2,80,2,0,0,1,0,74.33333333,2
140565,male,M,group B,bachelor's degree,free/reduced,none,48,1,51,1,46,1,1,0,0,0,48.33333333,1
140566,male,M,group B,associate's degree,standard,none,48,1,43,1,45,1,1,0,0,0,45.33333333,1
140567,female,F,group E,bachelor's degree,free/reduced,completed,92,2,100,2,100,2,0,0,0,1,97.33333333,2
140568,female,F,group D,master's degree,free/reduced,completed,61,1,71,2,78,2,0,0,1,0,70,2
140569,male,M,group B,high school,free/reduced,none,63,1,48,1,47,1,1,0,0,0,52.66666667,1
140570,male,M,group D,bachelor's degree,free/reduced,none,68,1,68,1,67,1,1,0,0,0,67.66666667,1
140571,male,M,group B,some college,standard,completed,71,2,75,2,70,2,0,0,0,1,72,2
140572,male,M,group A,bachelor's degree,standard,none,91,2,96,2,92,2,0,0,0,1,93,2
140573,female,F,group C,some college,standard,none,53,1,62,1,56,1,1,0,0,0,57,1
140574,female,F,group C,high school,free/reduced,completed,50,1,66,1,64,1,1,0,0,0,60,1
140575,female,F,group E,high school,standard,none,74,2,81,2,71,2,0,0,0,1,75.33333333,2
140576,male,M,group A,associate's degree,free/reduced,completed,40,1,55,1,53,1,1,0,0,0,49.33333333,1
140577,male,M,group A,some college,standard,completed,61,1,51,1,52,1,1,0,0,0,54.66666667,1
140578,female,F,group B,high school,standard,none,81,2,91,2,89,2,0,0,0,1,87,2
140579,female,F,group B,some college,free/reduced,completed,48,1,56,1,58,1,1,0,0,0,54,1
140580,female,F,group D,master's degree,standard,none,53,1,61,1,68,1,1,0,0,0,60.66666667,1
140581,female,F,group D,some high school,standard,none,81,2,97,2,96,2,0,0,0,1,91.33333333,2
140582,female,F,group E,some high school,standard,none,77,2,79,2,80,2,0,0,0,1,78.66666667,2
140583,female,F,group D,bachelor's degree,free/reduced,none,63,1,73,2,78,2,0,0,1,0,71.33333333,2
140584,female,F,group D,associate's degree,standard,completed,73,2,75,2,80,2,0,0,0,1,76,2
140585,female,F,group D,some college,standard,none,69,1,77,2,77,2,0,0,1,0,74.33333333,2
140586,female,F,group C,associate's degree,standard,none,65,1,76,2,76,2,0,0,1,0,72.33333333,2
140587,female,F,group A,high school,standard,none,55,1,73,2,73,2,0,0,1,0,67,1
140588,female,F,group C,bachelor's degree,free/reduced,none,44,1,63,1,62,1,1,0,0,0,56.33333333,1
140589,female,F,group C,some college,standard,none,54,1,64,1,65,1,1,0,0,0,61,1
140590,female,F,group A,some high school,standard,none,48,1,66,1,65,1,1,0,0,0,59.66666667,1
140591,male,M,group C,some college,free/reduced,none,58,1,57,1,54,1,1,0,0,0,56.33333333,1
140592,male,M,group A,some high school,standard,none,71,2,62,1,50,1,0,1,0,0,61,1
140593,male,M,group E,bachelor's degree,standard,none,68,1,68,1,64,1,1,0,0,0,66.66666667,1
140594,female,F,group E,high school,standard,none,74,2,76,2,73,2,0,0,0,1,74.33333333,2
140595,female,F,group C,bachelor's degree,standard,completed,92,2,100,2,99,2,0,0,0,1,97,2
140596,female,F,group C,bachelor's degree,standard,completed,56,1,79,2,72,2,0,0,1,0,69,1
140597,male,M,group B,high school,free/reduced,none,30,1,24,1,15,1,1,0,0,0,23,1
140598,male,M,group A,some high school,standard,none,53,1,54,1,48,1,1,0,0,0,51.66666667,1
140599,female,F,group D,high school,standard,none,69,1,77,2,73,2,0,0,1,0,73,2
140600,female,F,group D,some high school,standard,none,65,1,82,2,81,2,0,0,1,0,76,2
140601,female,F,group D,master's degree,standard,none,54,1,60,1,63,1,1,0,0,0,59,1
140602,female,F,group C,high school,standard,none,29,1,29,1,30,1,1,0,0,0,29.33333333,1
140603,female,F,group E,some college,standard,none,76,2,78,2,80,2,0,0,0,1,78,2
140604,male,M,group D,high school,free/reduced,none,60,1,57,1,51,1,1,0,0,0,56,1
140605,male,M,group D,master's degree,free/reduced,completed,84,2,89,2,90,2,0,0,0,1,87.66666667,2
140606,male,M,group C,some high school,standard,none,75,2,72,2,62,1,0,0,1,0,69.66666667,1
140607,female,F,group C,associate's degree,standard,none,85,2,84,2,82,2,0,0,0,1,83.66666667,2
140608,female,F,group C,master's degree,free/reduced,none,40,1,58,1,54,1,1,0,0,0,50.66666667,1
140609,female,F,group E,some college,standard,none,61,1,64,1,62,1,1,0,0,0,62.33333333,1
140610,female,F,group B,associate's degree,standard,none,58,1,63,1,65,1,1,0,0,0,62,1
140611,male,M,group D,some college,free/reduced,completed,69,1,60,1,63,1,1,0,0,0,64,1
140612,female,F,group C,some college,standard,none,58,1,59,1,66,1,1,0,0,0,61,1
140613,male,M,group C,bachelor's degree,standard,completed,94,2,90,2,91,2,0,0,0,1,91.66666667,2
140614,female,F,group C,associate's degree,standard,none,65,1,77,2,74,2,0,0,1,0,72,2
140615,female,F,group A,associate's degree,standard,none,82,2,93,2,93,2,0,0,0,1,89.33333333,2
140616,female,F,group C,high school,standard,none,60,1,68,1,72,2,0,1,0,0,66.66666667,1
140617,female,F,group E,bachelor's degree,standard,none,37,1,45,1,38,1,1,0,0,0,40,1
140618,male,M,group D,bachelor's degree,standard,none,88,2,78,2,83,2,0,0,0,1,83,2
140619,male,M,group D,master's degree,standard,none,95,2,81,2,84,2,0,0,0,1,86.66666667,2
140620,male,M,group C,associate's degree,free/reduced,completed,65,1,73,2,68,1,0,1,0,0,68.66666667,1
140621,female,F,group C,high school,free/reduced,none,35,1,61,1,54,1,1,0,0,0,50,1
140622,male,M,group B,bachelor's degree,free/reduced,none,62,1,63,1,56,1,1,0,0,0,60.33333333,1
140623,male,M,group C,high school,free/reduced,completed,58,1,51,1,52,1,1,0,0,0,53.66666667,1
140624,male,M,group A,some college,standard,completed,100,2,96,2,86,2,0,0,0,1,94,2
140625,female,F,group E,bachelor's degree,free/reduced,none,61,1,58,1,62,1,1,0,0,0,60.33333333,1
140626,male,M,group D,some college,standard,completed,100,2,97,2,99,2,0,0,0,1,98.66666667,2
140627,male,M,group B,associate's degree,free/reduced,completed,69,1,70,2,63,1,0,1,0,0,67.33333333,1
140628,male,M,group D,associate's degree,standard,none,61,1,48,1,46,1,1,0,0,0,51.66666667,1
140629,male,M,group D,some college,free/reduced,none,49,1,57,1,46,1,1,0,0,0,50.66666667,1
140630,female,F,group C,some high school,standard,completed,44,1,51,1,55,1,1,0,0,0,50,1
140631,male,M,group D,some college,standard,none,67,1,64,1,70,2,0,1,0,0,67,1
140632,male,M,group B,high school,standard,none,79,2,60,1,65,1,0,1,0,0,68,1
140633,female,F,group B,bachelor's degree,standard,completed,66,1,74,2,81,2,0,0,1,0,73.66666667,2
140634,female,F,group C,high school,standard,none,75,2,88,2,85,2,0,0,0,1,82.66666667,2
140635,male,M,group D,some high school,standard,none,84,2,84,2,80,2,0,0,0,1,82.66666667,2
140636,male,M,group A,high school,standard,none,71,2,74,2,64,1,0,0,1,0,69.66666667,1
140637,female,F,group B,high school,free/reduced,completed,67,1,80,2,81,2,0,0,1,0,76,2
140638,female,F,group D,some high school,standard,completed,80,2,92,2,88,2,0,0,0,1,86.66666667,2
140639,male,M,group E,some college,standard,none,86,2,76,2,74,2,0,0,0,1,78.66666667,2
140640,female,F,group D,associate's degree,standard,none,76,2,74,2,73,2,0,0,0,1,74.33333333,2
140641,male,M,group D,high school,standard,none,41,1,52,1,51,1,1,0,0,0,48,1
140642,female,F,group D,associate's degree,free/reduced,completed,74,2,88,2,90,2,0,0,0,1,84,2
140643,female,F,group B,some high school,free/reduced,none,72,2,81,2,79,2,0,0,0,1,77.33333333,2
140644,female,F,group E,high school,standard,completed,74,2,79,2,80,2,0,0,0,1,77.66666667,2
140645,male,M,group B,high school,standard,none,70,2,65,1,60,1,0,1,0,0,65,1
140646,female,F,group B,bachelor's degree,standard,completed,65,1,81,2,81,2,0,0,1,0,75.66666667,2
140647,female,F,group D,associate's degree,standard,none,59,1,70,2,65,1,0,1,0,0,64.66666667,1
140648,female,F,group E,high school,free/reduced,none,64,1,62,1,68,1,1,0,0,0,64.66666667,1
140649,female,F,group B,high school,standard,none,50,1,53,1,55,1,1,0,0,0,52.66666667,1
140650,female,F,group D,some college,standard,completed,69,1,79,2,81,2,0,0,1,0,76.33333333,2
140651,male,M,group C,some high school,free/reduced,completed,51,1,56,1,53,1,1,0,0,0,53.33333333,1
140652,female,F,group A,high school,standard,completed,68,1,80,2,76,2,0,0,1,0,74.66666667,2
140653,female,F,group D,some college,standard,completed,85,2,86,2,98,2,0,0,0,1,89.66666667,2
140654,female,F,group A,associate's degree,standard,completed,65,1,70,2,74,2,0,0,1,0,69.66666667,1
140655,female,F,group B,some high school,standard,none,73,2,79,2,79,2,0,0,0,1,77,2
140656,female,F,group B,some college,standard,none,62,1,67,1,67,1,1,0,0,0,65.33333333,1
140657,male,M,group C,associate's degree,free/reduced,none,77,2,67,1,64,1,0,1,0,0,69.33333333,1
140658,male,M,group D,some high school,standard,none,69,1,66,1,61,1,1,0,0,0,65.33333333,1
140659,female,F,group D,associate's degree,free/reduced,none,43,1,60,1,58,1,1,0,0,0,53.66666667,1
140660,male,M,group D,associate's degree,standard,none,90,2,87,2,85,2,0,0,0,1,87.33333333,2
140661,male,M,group C,some college,free/reduced,none,74,2,77,2,73,2,0,0,0,1,74.66666667,2
140662,male,M,group C,some high school,standard,none,73,2,66,1,63,1,0,1,0,0,67.33333333,1
140663,female,F,group D,some college,free/reduced,none,55,1,71,2,69,1,0,1,0,0,65,1
140664,female,F,group C,high school,standard,none,65,1,69,1,67,1,1,0,0,0,67,1
140665,male,M,group D,associate's degree,standard,none,80,2,63,1,63,1,0,1,0,0,68.66666667,1
140666,female,F,group C,some high school,free/reduced,completed,50,1,60,1,60,1,1,0,0,0,56.66666667,1
140667,female,F,group C,some college,free/reduced,completed,63,1,73,2,71,2,0,0,1,0,69,1
140668,female,F,group B,bachelor's degree,free/reduced,none,77,2,85,2,87,2,0,0,0,1,83,2
140669,male,M,group C,some college,standard,none,73,2,74,2,61,1,0,0,1,0,69.33333333,1
140670,male,M,group D,associate's degree,standard,completed,81,2,72,2,77,2,0,0,0,1,76.66666667,2
140671,female,F,group C,high school,free/reduced,none,66,1,76,2,68,1,0,1,0,0,70,2
140672,male,M,group D,associate's degree,free/reduced,none,52,1,57,1,50,1,1,0,0,0,53,1
140673,female,F,group C,some college,standard,none,69,1,78,2,76,2,0,0,1,0,74.33333333,2
140674,female,F,group C,associate's degree,standard,completed,65,1,84,2,84,2,0,0,1,0,77.66666667,2
140675,female,F,group D,high school,standard,completed,69,1,77,2,78,2,0,0,1,0,74.66666667,2
140676,female,F,group B,some college,standard,completed,50,1,64,1,66,1,1,0,0,0,60,1
140677,female,F,group E,some college,standard,completed,73,2,78,2,76,2,0,0,0,1,75.66666667,2
140678,female,F,group C,some high school,standard,completed,70,2,82,2,76,2,0,0,0,1,76,2
140679,male,M,group D,associate's degree,free/reduced,none,81,2,75,2,78,2,0,0,0,1,78,2
140680,male,M,group D,some college,free/reduced,none,63,1,61,1,60,1,1,0,0,0,61.33333333,1
140681,female,F,group D,high school,standard,none,67,1,72,2,74,2,0,0,1,0,71,2
140682,male,M,group B,high school,standard,none,60,1,68,1,60,1,1,0,0,0,62.66666667,1
140683,male,M,group B,high school,standard,none,62,1,55,1,54,1,1,0,0,0,57,1
140684,female,F,group C,some high school,free/reduced,completed,29,1,40,1,44,1,1,0,0,0,37.66666667,1
140685,male,M,group B,some college,standard,completed,62,1,66,1,68,1,1,0,0,0,65.33333333,1
140686,female,F,group E,master's degree,standard,completed,94,2,99,2,100,2,0,0,0,1,97.66666667,2
140687,male,M,group E,some college,standard,completed,85,2,75,2,68,1,0,0,1,0,76,2
140688,male,M,group D,associate's degree,free/reduced,none,77,2,78,2,73,2,0,0,0,1,76,2
140689,male,M,group A,high school,free/reduced,none,53,1,58,1,44,1,1,0,0,0,51.66666667,1
140690,male,M,group E,some college,free/reduced,none,93,2,90,2,83,2,0,0,0,1,88.66666667,2
140691,female,F,group C,associate's degree,standard,none,49,1,53,1,53,1,1,0,0,0,51.66666667,1
140692,female,F,group E,associate's degree,free/reduced,none,73,2,76,2,78,2,0,0,0,1,75.66666667,2
140693,female,F,group C,bachelor's degree,free/reduced,completed,66,1,74,2,81,2,0,0,1,0,73.66666667,2
140694,female,F,group D,associate's degree,standard,none,77,2,77,2,73,2,0,0,0,1,75.66666667,2
140695,female,F,group C,some high school,standard,none,49,1,63,1,56,1,1,0,0,0,56,1
140696,female,F,group D,some college,free/reduced,none,79,2,89,2,86,2,0,0,0,1,84.66666667,2
140697,female,F,group C,associate's degree,standard,completed,75,2,82,2,90,2,0,0,0,1,82.33333333,2
140698,female,F,group A,bachelor's degree,standard,none,59,1,72,2,70,2,0,0,1,0,67,1
140699,female,F,group D,associate's degree,standard,completed,57,1,78,2,79,2,0,0,1,0,71.33333333,2
140700,male,M,group C,high school,free/reduced,none,66,1,66,1,59,1,1,0,0,0,63.66666667,1
140701,female,F,group E,bachelor's degree,standard,completed,79,2,81,2,82,2,0,0,0,1,80.66666667,2
140702,female,F,group B,some high school,standard,none,57,1,67,1,72,2,0,1,0,0,65.33333333,1
140703,male,M,group A,bachelor's degree,standard,completed,87,2,84,2,87,2,0,0,0,1,86,2
140704,female,F,group D,some college,standard,none,63,1,64,1,67,1,1,0,0,0,64.66666667,1
140705,female,F,group B,some high school,free/reduced,completed,59,1,63,1,64,1,1,0,0,0,62,1
140706,male,M,group A,bachelor's degree,free/reduced,none,62,1,72,2,65,1,0,1,0,0,66.33333333,1
140707,male,M,group D,high school,standard,none,46,1,34,1,36,1,1,0,0,0,38.66666667,1
140708,male,M,group C,some college,standard,none,66,1,59,1,52,1,1,0,0,0,59,1
140709,male,M,group D,high school,standard,none,89,2,87,2,79,2,0,0,0,1,85,2
140710,female,F,group D,associate's degree,free/reduced,completed,42,1,61,1,58,1,1,0,0,0,53.66666667,1
140711,male,M,group C,some college,standard,completed,93,2,84,2,90,2,0,0,0,1,89,2
140712,female,F,group E,some high school,standard,completed,80,2,85,2,85,2,0,0,0,1,83.33333333,2
140713,female,F,group D,some college,standard,none,98,2,100,2,99,2,0,0,0,1,99,2
140714,male,M,group D,master's degree,standard,none,81,2,81,2,84,2,0,0,0,1,82,2
140715,female,F,group B,some high school,standard,completed,60,1,70,2,74,2,0,0,1,0,68,1
140716,female,F,group B,associate's degree,free/reduced,completed,76,2,94,2,87,2,0,0,0,1,85.66666667,2
140717,male,M,group C,associate's degree,standard,completed,73,2,78,2,72,2,0,0,0,1,74.33333333,2
140718,female,F,group C,associate's degree,standard,completed,96,2,96,2,99,2,0,0,0,1,97,2
140719,female,F,group C,high school,standard,none,76,2,76,2,74,2,0,0,0,1,75.33333333,2
140720,male,M,group E,associate's degree,free/reduced,completed,91,2,73,2,80,2,0,0,0,1,81.33333333,2
140721,female,F,group C,some college,free/reduced,none,62,1,72,2,70,2,0,0,1,0,68,1
140722,male,M,group D,some high school,free/reduced,completed,55,1,59,1,59,1,1,0,0,0,57.66666667,1
140723,female,F,group B,some high school,free/reduced,completed,74,2,90,2,88,2,0,0,0,1,84,2
140724,male,M,group C,high school,standard,none,50,1,48,1,42,1,1,0,0,0,46.66666667,1
140725,male,M,group B,some college,standard,none,47,1,43,1,41,1,1,0,0,0,43.66666667,1
140726,male,M,group E,some college,standard,completed,81,2,74,2,71,2,0,0,0,1,75.33333333,2
140727,female,F,group E,associate's degree,standard,completed,65,1,75,2,77,2,0,0,1,0,72.33333333,2
140728,male,M,group E,some high school,standard,completed,68,1,51,1,57,1,1,0,0,0,58.66666667,1
140729,female,F,group D,high school,free/reduced,none,73,2,92,2,84,2,0,0,0,1,83,2
140730,male,M,group C,some college,standard,none,53,1,39,1,37,1,1,0,0,0,43,1
140731,female,F,group B,associate's degree,free/reduced,completed,68,1,77,2,80,2,0,0,1,0,75,2
140732,male,M,group A,some high school,free/reduced,none,55,1,46,1,43,1,1,0,0,0,48,1
140733,female,F,group C,some college,standard,completed,87,2,89,2,94,2,0,0,0,1,90,2
140734,male,M,group D,some high school,standard,none,55,1,47,1,44,1,1,0,0,0,48.66666667,1
140735,female,F,group E,some college,free/reduced,none,53,1,58,1,57,1,1,0,0,0,56,1
140736,male,M,group C,master's degree,standard,none,67,1,57,1,59,1,1,0,0,0,61,1
140737,male,M,group C,associate's degree,standard,none,92,2,79,2,84,2,0,0,0,1,85,2
140738,female,F,group B,some college,free/reduced,completed,53,1,66,1,73,2,0,1,0,0,64,1
140739,male,M,group D,associate's degree,standard,none,81,2,71,2,73,2,0,0,0,1,75,2
140740,male,M,group C,high school,free/reduced,none,61,1,60,1,55,1,1,0,0,0,58.66666667,1
140741,male,M,group D,bachelor's degree,standard,none,80,2,73,2,72,2,0,0,0,1,75,2
140742,female,F,group A,associate's degree,free/reduced,none,37,1,57,1,56,1,1,0,0,0,50,1
140743,female,F,group C,high school,standard,none,81,2,84,2,82,2,0,0,0,1,82.33333333,2
140744,female,F,group C,associate's degree,standard,completed,59,1,73,2,72,2,0,0,1,0,68,1
140745,male,M,group B,some college,free/reduced,none,55,1,55,1,47,1,1,0,0,0,52.33333333,1
140746,male,M,group D,associate's degree,standard,none,72,2,79,2,74,2,0,0,0,1,75,2
140747,male,M,group D,high school,standard,none,69,1,75,2,71,2,0,0,1,0,71.66666667,2
140748,male,M,group C,some college,standard,none,69,1,64,1,68,1,1,0,0,0,67,1
140749,female,F,group C,bachelor's degree,free/reduced,none,50,1,60,1,59,1,1,0,0,0,56.33333333,1
140750,male,M,group B,some college,standard,completed,87,2,84,2,86,2,0,0,0,1,85.66666667,2
140751,male,M,group D,some high school,standard,completed,71,2,69,1,68,1,0,1,0,0,69.33333333,1
140752,male,M,group E,some college,standard,none,68,1,72,2,65,1,0,1,0,0,68.33333333,1
140753,male,M,group C,master's degree,free/reduced,completed,79,2,77,2,75,2,0,0,0,1,77,2
140754,female,F,group C,some high school,standard,completed,77,2,90,2,85,2,0,0,0,1,84,2
140755,male,M,group C,associate's degree,free/reduced,none,58,1,55,1,53,1,1,0,0,0,55.33333333,1
140756,female,F,group E,associate's degree,standard,none,84,2,95,2,92,2,0,0,0,1,90.33333333,2
140757,male,M,group D,some college,standard,none,55,1,58,1,52,1,1,0,0,0,55,1
140758,male,M,group E,bachelor's degree,free/reduced,completed,70,2,68,1,72,2,0,0,1,0,70,2
140759,female,F,group D,some college,free/reduced,completed,52,1,59,1,65,1,1,0,0,0,58.66666667,1
140760,male,M,group B,some college,standard,completed,69,1,77,2,77,2,0,0,1,0,74.33333333,2
140761,female,F,group C,high school,free/reduced,none,53,1,72,2,64,1,0,1,0,0,63,1
140762,female,F,group D,some high school,standard,none,48,1,58,1,54,1,1,0,0,0,53.33333333,1
140763,male,M,group D,some high school,standard,completed,78,2,81,2,86,2,0,0,0,1,81.66666667,2
140764,female,F,group B,high school,standard,none,62,1,62,1,63,1,1,0,0,0,62.33333333,1
140765,male,M,group D,some college,standard,none,60,1,63,1,59,1,1,0,0,0,60.66666667,1
140766,female,F,group B,high school,standard,none,74,2,72,2,72,2,0,0,0,1,72.66666667,2
140767,female,F,group C,high school,standard,completed,58,1,75,2,77,2,0,0,1,0,70,2
140768,male,M,group B,high school,standard,completed,76,2,62,1,60,1,0,1,0,0,66,1
140769,female,F,group D,some high school,standard,none,68,1,71,2,75,2,0,0,1,0,71.33333333,2
140770,male,M,group A,some college,free/reduced,none,58,1,60,1,57,1,1,0,0,0,58.33333333,1
140771,male,M,group B,high school,standard,none,52,1,48,1,49,1,1,0,0,0,49.66666667,1
140772,male,M,group D,bachelor's degree,standard,none,75,2,73,2,74,2,0,0,0,1,74,2
140773,female,F,group B,some high school,free/reduced,completed,52,1,67,1,72,2,0,1,0,0,63.66666667,1
140774,female,F,group C,bachelor's degree,free/reduced,none,62,1,78,2,79,2,0,0,1,0,73,2
140775,male,M,group B,some college,standard,none,66,1,65,1,60,1,1,0,0,0,63.66666667,1
140776,female,F,group B,some high school,free/reduced,none,49,1,58,1,55,1,1,0,0,0,54,1
140777,female,F,group B,high school,standard,none,66,1,72,2,70,2,0,0,1,0,69.33333333,1
140778,female,F,group C,some college,free/reduced,none,35,1,44,1,43,1,1,0,0,0,40.66666667,1
140779,female,F,group A,some college,standard,completed,72,2,79,2,82,2,0,0,0,1,77.66666667,2
140780,male,M,group E,associate's degree,standard,completed,94,2,85,2,82,2,0,0,0,1,87,2
140781,female,F,group D,associate's degree,free/reduced,none,46,1,56,1,57,1,1,0,0,0,53,1
140782,female,F,group B,master's degree,standard,none,77,2,90,2,84,2,0,0,0,1,83.66666667,2
140783,female,F,group B,high school,free/reduced,completed,76,2,85,2,82,2,0,0,0,1,81,2
140784,female,F,group C,associate's degree,standard,completed,52,1,59,1,62,1,1,0,0,0,57.66666667,1
140785,male,M,group C,bachelor's degree,standard,completed,91,2,81,2,79,2,0,0,0,1,83.66666667,2
140786,female,F,group B,some high school,standard,completed,32,1,51,1,44,1,1,0,0,0,42.33333333,1
140787,female,F,group E,some high school,free/reduced,none,72,2,79,2,77,2,0,0,0,1,76,2
140788,female,F,group B,some college,standard,none,19,1,38,1,32,1,1,0,0,0,29.66666667,1
140789,male,M,group C,associate's degree,free/reduced,none,68,1,65,1,61,1,1,0,0,0,64.66666667,1
140790,female,F,group C,master's degree,free/reduced,none,52,1,65,1,61,1,1,0,0,0,59.33333333,1
140791,female,F,group B,high school,standard,none,48,1,62,1,60,1,1,0,0,0,56.66666667,1
140792,female,F,group D,some college,free/reduced,none,60,1,66,1,70,2,0,1,0,0,65.33333333,1
140793,male,M,group D,high school,free/reduced,none,66,1,74,2,69,1,0,1,0,0,69.66666667,1
140794,male,M,group E,some high school,standard,completed,89,2,84,2,77,2,0,0,0,1,83.33333333,2
140795,female,F,group B,high school,standard,none,42,1,52,1,51,1,1,0,0,0,48.33333333,1
140796,female,F,group E,associate's degree,free/reduced,completed,57,1,68,1,73,2,0,1,0,0,66,1
140797,male,M,group D,high school,standard,none,70,2,70,2,70,2,0,0,0,1,70,2
140798,female,F,group E,associate's degree,free/reduced,none,70,2,84,2,81,2,0,0,0,1,78.33333333,2
140799,male,M,group E,some college,standard,none,69,1,60,1,54,1,1,0,0,0,61,1
140800,female,F,group C,associate's degree,standard,none,52,1,55,1,57,1,1,0,0,0,54.66666667,1
140801,male,M,group C,some high school,standard,completed,67,1,73,2,68,1,0,1,0,0,69.33333333,1
140802,male,M,group C,some high school,standard,completed,76,2,80,2,73,2,0,0,0,1,76.33333333,2
140803,female,F,group E,associate's degree,standard,none,87,2,94,2,95,2,0,0,0,1,92,2
140804,female,F,group B,some college,standard,none,82,2,85,2,87,2,0,0,0,1,84.66666667,2
140805,female,F,group C,some college,standard,none,73,2,76,2,78,2,0,0,0,1,75.66666667,2
140806,male,M,group A,some college,free/reduced,none,75,2,81,2,74,2,0,0,0,1,76.66666667,2
140807,female,F,group D,some college,free/reduced,none,64,1,74,2,75,2,0,0,1,0,71,2
140808,female,F,group E,high school,free/reduced,none,41,1,45,1,40,1,1,0,0,0,42,1
140809,male,M,group C,high school,standard,none,90,2,75,2,69,1,0,0,1,0,78,2
140810,male,M,group B,bachelor's degree,standard,none,59,1,54,1,51,1,1,0,0,0,54.66666667,1
140811,male,M,group A,some high school,standard,none,51,1,31,1,36,1,1,0,0,0,39.33333333,1
140812,male,M,group A,high school,free/reduced,none,45,1,47,1,49,1,1,0,0,0,47,1
140813,female,F,group C,master's degree,standard,completed,54,1,64,1,67,1,1,0,0,0,61.66666667,1
140814,male,M,group E,some high school,standard,completed,87,2,84,2,76,2,0,0,0,1,82.33333333,2
140815,female,F,group C,high school,standard,none,72,2,80,2,83,2,0,0,0,1,78.33333333,2
140816,male,M,group B,some high school,standard,completed,94,2,86,2,87,2,0,0,0,1,89,2
140817,female,F,group A,bachelor's degree,standard,none,45,1,59,1,64,1,1,0,0,0,56,1
140818,male,M,group D,bachelor's degree,free/reduced,completed,61,1,70,2,76,2,0,0,1,0,69,1
140819,female,F,group B,high school,free/reduced,none,60,1,72,2,68,1,0,1,0,0,66.66666667,1
140820,female,F,group C,some high school,standard,none,77,2,91,2,88,2,0,0,0,1,85.33333333,2
140821,female,F,group A,some high school,standard,completed,85,2,90,2,92,2,0,0,0,1,89,2
140822,female,F,group D,bachelor's degree,free/reduced,none,78,2,90,2,93,2,0,0,0,1,87,2
140823,male,M,group E,some college,free/reduced,completed,49,1,52,1,51,1,1,0,0,0,50.66666667,1
140824,female,F,group B,high school,free/reduced,none,71,2,87,2,82,2,0,0,0,1,80,2
140825,female,F,group C,some high school,free/reduced,none,48,1,58,1,52,1,1,0,0,0,52.66666667,1
140826,male,M,group C,high school,standard,none,62,1,67,1,58,1,1,0,0,0,62.33333333,1
140827,female,F,group C,associate's degree,free/reduced,completed,56,1,68,1,70,2,0,1,0,0,64.66666667,1
140828,female,F,group C,some high school,standard,none,65,1,69,1,76,2,0,1,0,0,70,2
140829,female,F,group D,some high school,free/reduced,completed,69,1,86,2,81,2,0,0,1,0,78.66666667,2
140830,male,M,group B,some high school,standard,none,68,1,54,1,53,1,1,0,0,0,58.33333333,1
140831,female,F,group A,some college,free/reduced,none,61,1,60,1,57,1,1,0,0,0,59.33333333,1
140832,female,F,group C,bachelor's degree,free/reduced,completed,74,2,86,2,89,2,0,0,0,1,83,2
140833,male,M,group A,bachelor's degree,standard,none,64,1,60,1,58,1,1,0,0,0,60.66666667,1
140834,female,F,group B,high school,standard,completed,77,2,82,2,89,2,0,0,0,1,82.66666667,2
140835,male,M,group B,some college,standard,none,58,1,50,1,45,1,1,0,0,0,51,1
140836,female,F,group C,high school,standard,completed,60,1,64,1,74,2,0,1,0,0,66,1
140837,male,M,group E,high school,standard,none,73,2,64,1,57,1,0,1,0,0,64.66666667,1
140838,female,F,group A,high school,standard,completed,75,2,82,2,79,2,0,0,0,1,78.66666667,2
140839,male,M,group B,associate's degree,free/reduced,completed,58,1,57,1,53,1,1,0,0,0,56,1
140840,female,F,group C,associate's degree,standard,none,66,1,77,2,73,2,0,0,1,0,72,2
140841,female,F,group D,high school,free/reduced,none,39,1,52,1,46,1,1,0,0,0,45.66666667,1
140842,male,M,group C,some high school,standard,none,64,1,58,1,51,1,1,0,0,0,57.66666667,1
140843,female,F,group B,high school,free/reduced,completed,23,1,44,1,36,1,1,0,0,0,34.33333333,1
140844,male,M,group B,some college,free/reduced,completed,74,2,77,2,76,2,0,0,0,1,75.66666667,2
140845,female,F,group D,some high school,free/reduced,completed,40,1,65,1,64,1,1,0,0,0,56.33333333,1
140846,male,M,group E,master's degree,standard,none,90,2,85,2,84,2,0,0,0,1,86.33333333,2
140847,male,M,group C,master's degree,standard,completed,91,2,85,2,85,2,0,0,0,1,87,2
140848,male,M,group D,high school,standard,none,64,1,54,1,50,1,1,0,0,0,56,1
140849,female,F,group C,high school,standard,none,59,1,72,2,68,1,0,1,0,0,66.33333333,1
140850,male,M,group D,associate's degree,standard,none,80,2,75,2,69,1,0,0,1,0,74.66666667,2
140851,male,M,group C,master's degree,standard,none,71,2,67,1,67,1,0,1,0,0,68.33333333,1
140852,female,F,group A,high school,standard,none,61,1,68,1,63,1,1,0,0,0,64,1
140853,female,F,group E,some college,standard,none,87,2,85,2,93,2,0,0,0,1,88.33333333,2
140854,male,M,group E,some high school,standard,none,82,2,67,1,61,1,0,1,0,0,70,2
140855,male,M,group C,some high school,standard,none,62,1,64,1,55,1,1,0,0,0,60.33333333,1
140856,female,F,group B,bachelor's degree,standard,none,97,2,97,2,96,2,0,0,0,1,96.66666667,2
140857,male,M,group B,some college,free/reduced,none,75,2,68,1,65,1,0,1,0,0,69.33333333,1
140858,female,F,group C,bachelor's degree,standard,none,65,1,79,2,81,2,0,0,1,0,75,2
140859,male,M,group B,high school,standard,completed,52,1,49,1,46,1,1,0,0,0,49,1
140860,male,M,group C,associate's degree,free/reduced,none,87,2,73,2,72,2,0,0,0,1,77.33333333,2
140861,female,F,group C,associate's degree,standard,none,53,1,62,1,53,1,1,0,0,0,56,1
140862,female,F,group E,master's degree,free/reduced,none,81,2,86,2,87,2,0,0,0,1,84.66666667,2
140863,male,M,group D,bachelor's degree,free/reduced,completed,39,1,42,1,38,1,1,0,0,0,39.66666667,1
140864,female,F,group C,some college,standard,completed,71,2,71,2,80,2,0,0,0,1,74,2
140865,male,M,group C,associate's degree,standard,none,97,2,93,2,91,2,0,0,0,1,93.66666667,2
140866,male,M,group D,some college,standard,completed,82,2,82,2,88,2,0,0,0,1,84,2
140867,male,M,group C,high school,free/reduced,none,59,1,53,1,52,1,1,0,0,0,54.66666667,1
140868,male,M,group B,associate's degree,standard,none,61,1,42,1,41,1,1,0,0,0,48,1
140869,male,M,group E,associate's degree,free/reduced,completed,78,2,74,2,72,2,0,0,0,1,74.66666667,2
140870,male,M,group C,associate's degree,free/reduced,none,49,1,51,1,51,1,1,0,0,0,50.33333333,1
140871,male,M,group B,high school,standard,none,59,1,58,1,47,1,1,0,0,0,54.66666667,1
140872,female,F,group C,some college,standard,completed,70,2,72,2,76,2,0,0,0,1,72.66666667,2
140873,male,M,group B,associate's degree,standard,completed,82,2,84,2,78,2,0,0,0,1,81.33333333,2
140874,male,M,group E,associate's degree,free/reduced,none,90,2,90,2,82,2,0,0,0,1,87.33333333,2
140875,female,F,group C,bachelor's degree,free/reduced,none,43,1,62,1,61,1,1,0,0,0,55.33333333,1
140876,male,M,group C,some college,free/reduced,none,80,2,64,1,66,1,0,1,0,0,70,2
140877,male,M,group D,some college,standard,none,81,2,82,2,84,2,0,0,0,1,82.33333333,2
140878,male,M,group C,some high school,standard,none,57,1,61,1,54,1,1,0,0,0,57.33333333,1
140879,female,F,group D,some high school,standard,none,59,1,72,2,80,2,0,0,1,0,70.33333333,2
140880,female,F,group D,associate's degree,standard,none,64,1,76,2,74,2,0,0,1,0,71.33333333,2
140881,male,M,group C,bachelor's degree,standard,completed,63,1,64,1,66,1,1,0,0,0,64.33333333,1
140882,female,F,group E,bachelor's degree,standard,completed,71,2,70,2,70,2,0,0,0,1,70.33333333,2
140883,female,F,group B,high school,free/reduced,none,64,1,73,2,71,2,0,0,1,0,69.33333333,1
140884,male,M,group D,bachelor's degree,free/reduced,none,55,1,46,1,44,1,1,0,0,0,48.33333333,1
140885,female,F,group E,associate's degree,standard,none,51,1,51,1,54,1,1,0,0,0,52,1
140886,female,F,group C,associate's degree,standard,completed,62,1,76,2,80,2,0,0,1,0,72.66666667,2
140887,female,F,group E,associate's degree,standard,completed,93,2,100,2,95,2,0,0,0,1,96,2
140888,male,M,group C,high school,free/reduced,none,54,1,72,2,59,1,0,1,0,0,61.66666667,1
140889,female,F,group D,some college,free/reduced,none,69,1,65,1,74,2,0,1,0,0,69.33333333,1
140890,male,M,group D,high school,free/reduced,none,44,1,51,1,48,1,1,0,0,0,47.66666667,1
140891,female,F,group E,some college,standard,completed,86,2,85,2,91,2,0,0,0,1,87.33333333,2
140892,female,F,group E,associate's degree,standard,none,85,2,92,2,85,2,0,0,0,1,87.33333333,2
140893,female,F,group A,master's degree,free/reduced,none,50,1,67,1,73,2,0,1,0,0,63.33333333,1
140894,male,M,group D,some high school,standard,completed,88,2,74,2,75,2,0,0,0,1,79,2
140895,female,F,group E,associate's degree,standard,none,59,1,62,1,69,1,1,0,0,0,63.33333333,1
140896,female,F,group E,some high school,free/reduced,none,32,1,34,1,38,1,1,0,0,0,34.66666667,1
140897,male,M,group B,high school,free/reduced,none,36,1,29,1,27,1,1,0,0,0,30.66666667,1
140898,female,F,group B,some high school,free/reduced,completed,63,1,78,2,79,2,0,0,1,0,73.33333333,2
140899,male,M,group D,associate's degree,standard,completed,67,1,54,1,63,1,1,0,0,0,61.33333333,1
140900,female,F,group D,some high school,standard,completed,65,1,78,2,82,2,0,0,1,0,75,2
140901,male,M,group D,master's degree,standard,none,85,2,84,2,89,2,0,0,0,1,86,2
140902,female,F,group C,master's degree,standard,none,73,2,78,2,74,2,0,0,0,1,75,2
140903,female,F,group A,high school,free/reduced,completed,34,1,48,1,41,1,1,0,0,0,41,1
140904,female,F,group D,bachelor's degree,free/reduced,completed,93,2,100,2,100,2,0,0,0,1,97.66666667,2
140905,female,F,group D,some high school,free/reduced,none,67,1,84,2,84,2,0,0,1,0,78.33333333,2
140906,male,M,group D,some college,standard,none,88,2,77,2,77,2,0,0,0,1,80.66666667,2
140907,male,M,group B,high school,standard,none,57,1,48,1,51,1,1,0,0,0,52,1
140908,female,F,group D,some college,standard,completed,79,2,84,2,91,2,0,0,0,1,84.66666667,2
140909,female,F,group C,bachelor's degree,free/reduced,none,67,1,75,2,72,2,0,0,1,0,71.33333333,2
140910,male,M,group E,bachelor's degree,standard,completed,70,2,64,1,70,2,0,0,1,0,68,1
140911,male,M,group D,bachelor's degree,free/reduced,none,50,1,42,1,48,1,1,0,0,0,46.66666667,1
140912,female,F,group A,some college,standard,none,69,1,84,2,82,2,0,0,1,0,78.33333333,2
140913,female,F,group C,bachelor's degree,standard,completed,52,1,61,1,66,1,1,0,0,0,59.66666667,1
140914,female,F,group C,bachelor's degree,free/reduced,completed,47,1,62,1,66,1,1,0,0,0,58.33333333,1
140915,female,F,group B,associate's degree,free/reduced,none,46,1,61,1,55,1,1,0,0,0,54,1
140916,female,F,group E,some college,standard,none,68,1,70,2,66,1,0,1,0,0,68,1
140917,male,M,group E,bachelor's degree,standard,completed,100,2,100,2,100,2,0,0,0,1,100,2
140918,female,F,group C,high school,standard,none,44,1,61,1,52,1,1,0,0,0,52.33333333,1
140919,female,F,group C,associate's degree,standard,completed,57,1,77,2,80,2,0,0,1,0,71.33333333,2
140920,male,M,group B,some college,standard,completed,91,2,96,2,91,2,0,0,0,1,92.66666667,2
140921,male,M,group D,high school,free/reduced,none,69,1,70,2,67,1,0,1,0,0,68.66666667,1
140922,female,F,group C,high school,free/reduced,none,35,1,53,1,46,1,1,0,0,0,44.66666667,1
140923,male,M,group D,high school,standard,none,72,2,66,1,66,1,0,1,0,0,68,1
140924,female,F,group B,associate's degree,free/reduced,none,54,1,65,1,65,1,1,0,0,0,61.33333333,1
140925,male,M,group D,high school,free/reduced,none,74,2,70,2,69,1,0,0,1,0,71,2
140926,male,M,group E,some high school,standard,completed,74,2,64,1,60,1,0,1,0,0,66,1
140927,male,M,group E,associate's degree,free/reduced,none,64,1,56,1,52,1,1,0,0,0,57.33333333,1
140928,female,F,group D,high school,free/reduced,completed,65,1,61,1,71,2,0,1,0,0,65.66666667,1
140929,male,M,group E,associate's degree,free/reduced,completed,46,1,43,1,44,1,1,0,0,0,44.33333333,1
140930,female,F,group C,some high school,free/reduced,none,48,1,56,1,51,1,1,0,0,0,51.66666667,1
140931,male,M,group C,some college,free/reduced,completed,67,1,74,2,70,2,0,0,1,0,70.33333333,2
140932,male,M,group D,some college,free/reduced,none,62,1,57,1,62,1,1,0,0,0,60.33333333,1
140933,male,M,group D,associate's degree,free/reduced,completed,61,1,71,2,73,2,0,0,1,0,68.33333333,1
140934,male,M,group C,bachelor's degree,free/reduced,completed,70,2,75,2,74,2,0,0,0,1,73,2
140935,male,M,group C,associate's degree,standard,completed,98,2,87,2,90,2,0,0,0,1,91.66666667,2
140936,male,M,group D,some college,free/reduced,none,70,2,63,1,58,1,0,1,0,0,63.66666667,1
140937,male,M,group A,associate's degree,standard,none,67,1,57,1,53,1,1,0,0,0,59,1
140938,female,F,group E,high school,free/reduced,none,57,1,58,1,57,1,1,0,0,0,57.33333333,1
140939,male,M,group D,some college,standard,completed,85,2,81,2,85,2,0,0,0,1,83.66666667,2
140940,male,M,group D,some high school,standard,completed,77,2,68,1,69,1,0,1,0,0,71.33333333,2
140941,male,M,group C,master's degree,free/reduced,completed,72,2,66,1,72,2,0,0,1,0,70,2
140942,female,F,group D,master's degree,standard,none,78,2,91,2,96,2,0,0,0,1,88.33333333,2
140943,male,M,group C,high school,standard,none,81,2,66,1,64,1,0,1,0,0,70.33333333,2
140944,male,M,group A,some high school,free/reduced,completed,61,1,62,1,61,1,1,0,0,0,61.33333333,1
140945,female,F,group B,high school,standard,none,58,1,68,1,61,1,1,0,0,0,62.33333333,1
140946,female,F,group C,associate's degree,standard,none,54,1,61,1,58,1,1,0,0,0,57.66666667,1
140947,male,M,group B,high school,standard,none,82,2,82,2,80,2,0,0,0,1,81.33333333,2
140948,female,F,group D,some college,free/reduced,none,49,1,58,1,60,1,1,0,0,0,55.66666667,1
140949,male,M,group B,some high school,free/reduced,completed,49,1,50,1,52,1,1,0,0,0,50.33333333,1
140950,female,F,group E,high school,free/reduced,completed,57,1,75,2,73,2,0,0,1,0,68.33333333,1
140951,male,M,group E,high school,standard,none,94,2,73,2,71,2,0,0,0,1,79.33333333,2
140952,female,F,group D,some college,standard,completed,75,2,77,2,83,2,0,0,0,1,78.33333333,2
140953,female,F,group E,some high school,free/reduced,none,74,2,74,2,72,2,0,0,0,1,73.33333333,2
140954,male,M,group C,high school,standard,completed,58,1,52,1,54,1,1,0,0,0,54.66666667,1
140955,female,F,group C,some college,standard,none,62,1,69,1,69,1,1,0,0,0,66.66666667,1
140956,male,M,group E,associate's degree,standard,none,72,2,57,1,62,1,0,1,0,0,63.66666667,1
140957,male,M,group C,some college,standard,none,84,2,87,2,81,2,0,0,0,1,84,2
140958,female,F,group D,master's degree,standard,none,92,2,100,2,100,2,0,0,0,1,97.33333333,2
140959,female,F,group D,high school,standard,none,45,1,63,1,59,1,1,0,0,0,55.66666667,1
140960,male,M,group C,high school,standard,none,75,2,81,2,71,2,0,0,0,1,75.66666667,2
140961,female,F,group A,some college,standard,none,56,1,58,1,64,1,1,0,0,0,59.33333333,1
140962,female,F,group D,some high school,free/reduced,none,48,1,54,1,53,1,1,0,0,0,51.66666667,1
140963,female,F,group E,associate's degree,standard,none,100,2,100,2,100,2,0,0,0,1,100,2
140964,female,F,group C,some high school,free/reduced,completed,65,1,76,2,75,2,0,0,1,0,72,2
140965,male,M,group D,some college,standard,none,72,2,57,1,58,1,0,1,0,0,62.33333333,1
140966,female,F,group D,some college,standard,none,62,1,70,2,72,2,0,0,1,0,68,1
140967,male,M,group A,some high school,standard,completed,66,1,68,1,64,1,1,0,0,0,66,1
140968,male,M,group C,some college,standard,none,63,1,63,1,60,1,1,0,0,0,62,1
140969,female,F,group E,associate's degree,standard,none,68,1,76,2,67,1,0,1,0,0,70.33333333,2
140970,female,F,group B,bachelor's degree,standard,none,75,2,84,2,80,2,0,0,0,1,79.66666667,2
140971,female,F,group D,bachelor's degree,standard,none,89,2,100,2,100,2,0,0,0,1,96.33333333,2
140972,male,M,group C,some high school,standard,completed,78,2,72,2,69,1,0,0,1,0,73,2
140973,female,F,group A,high school,free/reduced,completed,53,1,50,1,60,1,1,0,0,0,54.33333333,1
140974,female,F,group D,some college,free/reduced,none,49,1,65,1,61,1,1,0,0,0,58.33333333,1
140975,female,F,group A,some college,standard,none,54,1,63,1,67,1,1,0,0,0,61.33333333,1
140976,female,F,group C,some college,standard,completed,64,1,82,2,77,2,0,0,1,0,74.33333333,2
140977,male,M,group B,some college,free/reduced,completed,60,1,62,1,60,1,1,0,0,0,60.66666667,1
140978,male,M,group C,associate's degree,standard,none,62,1,65,1,58,1,1,0,0,0,61.66666667,1
140979,male,M,group D,high school,standard,completed,55,1,41,1,48,1,1,0,0,0,48,1
140980,female,F,group C,associate's degree,standard,none,91,2,95,2,94,2,0,0,0,1,93.33333333,2
140981,female,F,group B,high school,free/reduced,none,8,1,24,1,23,1,1,0,0,0,18.33333333,1
140982,male,M,group D,some high school,standard,none,81,2,78,2,78,2,0,0,0,1,79,2
140983,male,M,group B,some high school,standard,completed,79,2,85,2,86,2,0,0,0,1,83.33333333,2
140984,female,F,group A,some college,standard,completed,78,2,87,2,91,2,0,0,0,1,85.33333333,2
140985,female,F,group C,some high school,standard,none,74,2,75,2,82,2,0,0,0,1,77,2
140986,male,M,group A,high school,standard,none,57,1,51,1,54,1,1,0,0,0,54,1
140987,female,F,group C,associate's degree,standard,none,40,1,59,1,51,1,1,0,0,0,50,1
140988,male,M,group E,some high school,standard,completed,81,2,75,2,76,2,0,0,0,1,77.33333333,2
140989,female,F,group A,some high school,free/reduced,none,44,1,45,1,45,1,1,0,0,0,44.66666667,1
140990,female,F,group D,some college,free/reduced,completed,67,1,86,2,83,2,0,0,1,0,78.66666667,2
140991,male,M,group E,high school,free/reduced,completed,86,2,81,2,75,2,0,0,0,1,80.66666667,2
140992,female,F,group B,some high school,standard,completed,65,1,82,2,78,2,0,0,1,0,75,2
140993,female,F,group D,associate's degree,free/reduced,none,55,1,76,2,76,2,0,0,1,0,69,1
140994,female,F,group D,bachelor's degree,free/reduced,none,62,1,72,2,74,2,0,0,1,0,69.33333333,1
140995,male,M,group A,high school,standard,none,63,1,63,1,62,1,1,0,0,0,62.66666667,1
140996,female,F,group E,master's degree,standard,completed,88,2,99,2,95,2,0,0,0,1,94,2
140997,male,M,group C,high school,free/reduced,none,62,1,55,1,55,1,1,0,0,0,57.33333333,1
140998,female,F,group C,high school,free/reduced,completed,59,1,71,2,65,1,0,1,0,0,65,1
140999,female,F,group D,some college,standard,completed,68,1,78,2,77,2,0,0,1,0,74.33333333,2
141000,female,F,group D,some college,free/reduced,none,77,2,86,2,86,2,0,0,0,1,83,2
